Kabupaten/Kota,,,,,,,,,,,,,,,,,,,,
,PDRB Triwulanan Atas Dasar Harga Konstan (2010=100) Menurut Lapangan Usaha di Kabupaten/Kota Seluruh Indonesia (Milyar Rupiah),,,,,,,,,,,,,,,,,,,
,Sektor Primer,,,,,Sektor Sekunder,,,,,Sektor Tersier,,,,,PDRB,,,,
,2025,,,,,2025,,,,,2025,,,,,2025,,,,
,Triwulan I,Triwulan II,Triwulan III,Triwulan IV,Tahunan,Triwulan I,Triwulan II,Triwulan III,Triwulan IV,Tahunan,Triwulan I,Triwulan II,Triwulan III,Triwulan IV,Tahunan,Triwulan I,Triwulan II,Triwulan III,Triwulan IV,Tahunan
Simeulue,172.23,184.78,170.3,-,-,44.81,47.52,55.06,-,-,240.5,252.18,270.87,-,-,457.54,484.49,496.23,-,-
Aceh Singkil,141.92,143.96,157.83,-,-,66.15,71.5,75.6,-,-,278.49,291.18,291.4,-,-,486.56,506.64,524.83,-,-
Aceh Selatan,363.27,390.9,362.09,-,-,210.76,215.13,226.85,-,-,610.71,658.93,665.97,-,-,1184.75,1264.95,1254.91,-,-
Aceh Tenggara,392.45,421.94,373.82,-,-,71.4,72.5,75.88,-,-,484.06,514.1,508.53,-,-,947.91,1008.54,958.23,-,-
Aceh Timur,1111.21,1130.59,1144.62,-,-,240.63,249.3,267.04,-,-,967.94,1009.28,1012.15,-,-,2319.78,2389.18,2423.82,-,-
Aceh Tengah,737.72,690.09,716.95,-,-,259.6,260.71,279.99,-,-,751.26,781.16,816.28,-,-,1748.57,1731.96,1813.22,-,-
Aceh Barat,1248.23,1263.6,1274.87,-,-,192.28,196.97,228.93,-,-,827.42,810.71,793.67,-,-,2267.93,2271.28,2297.47,-,-
Aceh Besar,860.31,753.04,751.96,-,-,550.1,589.05,617.66,-,-,1545.26,1654.95,1662.89,-,-,2955.67,2997.04,3032.51,-,-
Pidie,970.24,948.42,962.85,-,-,206.28,205.05,215.07,-,-,1070.57,1145.66,1132.73,-,-,2247.09,2299.14,2310.65,-,-
Bireuen,898.24,1000.41,911.26,-,-,288.34,289.17,292.46,-,-,1735.77,1830.69,1813.21,-,-,2922.35,3120.27,3016.93,-,-
Aceh Utara,2485.66,2443.73,2449.79,-,-,577.68,657.21,644.25,-,-,1586.55,1689.65,1635.08,-,-,4649.89,4790.59,4729.12,-,-
Aceh Barat Daya,266.83,262.95,278.91,-,-,120.21,129.9,139.44,-,-,459.56,508.75,504.01,-,-,846.6,901.59,922.36,-,-
Gayo Lues,219.01,215.91,231.16,-,-,96.19,104.47,104.39,-,-,228.78,242.1,237.33,-,-,543.98,562.48,572.88,-,-
Aceh Tamiang,959.05,901.54,855.36,-,-,206.07,194.51,199.69,-,-,575.38,619.14,618.91,-,-,1740.51,1715.19,1673.96,-,-
Nagan Raya,1281.87,1285.48,1334.22,-,-,210.26,214.8,227.53,-,-,529.3,574.5,565.27,-,-,2021.43,2074.78,2127.02,-,-
Aceh Jaya,176.8,184.3,196.26,-,-,96.1,114.06,122.52,-,-,268.91,277.7,280.37,-,-,541.81,576.06,599.15,-,-
Bener Meriah,549.95,513.23,555.77,-,-,176.26,181.47,184.34,-,-,329.56,348.09,356.41,-,-,1055.78,1042.78,1096.52,-,-
Pidie Jaya,335.82,353.57,341.01,-,-,74.37,74.5,78.08,-,-,334.89,342.85,349.03,-,-,745.08,770.92,768.12,-,-
Kota Banda Aceh,52.36,52.51,73.86,-,-,376.75,363.74,429.23,-,-,4025.58,4226.77,4392.01,-,-,4454.7,4643.03,4895.1,-,-
Kota Sabang,23.78,24.6,25.55,-,-,91.56,94.97,104.99,-,-,193.59,203.85,204.32,-,-,308.93,323.42,334.86,-,-
Kota Langsa,95.77,96.75,93.52,-,-,186.82,187.39,190.02,-,-,855.6,888.48,884.24,-,-,1138.19,1172.62,1167.78,-,-
Kota Lhokseumawe,158.16,168.24,168.06,-,-,608.57,616.23,635.42,-,-,1290.92,1344.89,1342.2,-,-,2057.65,2129.36,2145.68,-,-
Kota Subulussalam,102.42,102.93,106.48,-,-,112.07,119.78,131.7,-,-,184.61,195.57,191.45,-,-,399.1,418.28,429.63,-,-
Nias,455.52,463.7,460.27,-,-,73.89,74.39,78.4,-,-,223.95,230.38,234.33,-,-,753.36,768.47,773,-,-
Mandailing Natal,1422.68,1457.2,1475,-,-,598.48,607.38,619.33,-,-,794.18,823.79,794.41,-,-,2815.35,2888.37,2888.74,-,-
Tapanuli Selatan,1702.62,1758.22,1800.32,-,-,478.85,497.09,515.64,-,-,763.23,790.67,776.64,-,-,2944.7,3045.97,3092.59,-,-
Tapanuli Tengah,1015.19,1037.86,1036.72,-,-,430.73,440.07,451.08,-,-,620.27,631.54,644.1,-,-,2066.19,2109.47,2131.9,-,-
Tapanuli Utara,782.66,817.19,817.34,-,-,271.64,274.89,279.06,-,-,711.73,730.19,714.95,-,-,1766.04,1822.27,1811.35,-,-
Toba Samosir,521.65,522.38,532.39,-,-,399.91,410.61,423.87,-,-,727.68,733.38,751.59,-,-,1649.23,1666.37,1707.85,-,-
Labuhan Batu,2202.8,2325.15,2429.38,-,-,2602.29,2682.79,2834.82,-,-,2155.95,2190.73,2155.29,-,-,6961.04,7198.66,7419.49,-,-
Asahan,3521.86,3725.87,3857.61,-,-,1968.95,2007.73,2063.85,-,-,2385.25,2452.05,2487.28,-,-,7876.06,8185.65,8408.74,-,-
Simalungun,4923.34,5104.83,5179.48,-,-,1446.46,1484.55,1508.61,-,-,1998.61,2044.95,2065.11,-,-,8368.4,8634.33,8753.2,-,-
Dairi,879.36,891.7,893.44,-,-,247.36,248.17,255.31,-,-,824.15,844.31,850.18,-,-,1950.86,1984.17,1998.93,-,-
Karo,2402.16,2364.25,2362.61,-,-,420.4,427.08,432.14,-,-,1509.35,1561.67,1572.2,-,-,4331.91,4353,4366.95,-,-
Deli Serdang,2616.6,2701.09,2894.51,-,-,9350.82,9502.76,9828.37,-,-,9313.42,9471.33,9508.67,-,-,21280.83,21675.18,22231.54,-,-
Langkat,4708.09,4915.19,4995.4,-,-,1755.42,1809.86,1895.8,-,-,2235.19,2279.15,2251.7,-,-,8698.71,9004.2,9142.9,-,-
Nias Selatan,643.5,651.14,652.74,-,-,155.38,158,161.3,-,-,420.28,426.56,423.77,-,-,1219.17,1235.7,1237.81,-,-
Humbang Hasundutan,538.63,551.93,557.88,-,-,185.48,187.41,192.65,-,-,492.63,504.88,509,-,-,1216.74,1244.22,1259.52,-,-
Pakpak Bharat,155.33,154.64,154.88,-,-,24.19,24.25,25.1,-,-,81.58,82.47,83.01,-,-,261.1,261.36,263,-,-
Samosir,473.48,481.03,475.38,-,-,111.51,112.43,112.94,-,-,354.43,367.05,353.66,-,-,939.43,960.52,941.98,-,-
Serdang Bedagai,2674.34,2751.51,2908.65,-,-,1471.86,1510.45,1529.84,-,-,1681.84,1716.49,1705.7,-,-,5828.03,5978.44,6144.19,-,-
Batu Bara,1584.55,1597.22,1668.48,-,-,3523.64,3600.29,3700,-,-,1849.38,1910.5,1948.86,-,-,6957.57,7108.01,7317.33,-,-
Padang Lawas Utara,1129,1163.45,1208.8,-,-,741.89,770.9,790.14,-,-,583.35,595.21,609.2,-,-,2454.24,2529.56,2608.14,-,-
Padang Lawas,1313.44,1364.8,1419.63,-,-,673.76,694.75,726.17,-,-,419.52,427.06,424.34,-,-,2406.73,2486.61,2570.14,-,-
Labuhan Batu Selatan,1972.49,2061.28,2117.31,-,-,2578.48,2628.58,2723.68,-,-,1168.62,1197.49,1221.02,-,-,5719.6,5887.34,6062.01,-,-
Labuhan Batu Utara,2200.39,2280.73,2342.8,-,-,1603.2,1650.3,1697.3,-,-,1330.95,1369.98,1394.56,-,-,5134.54,5301.01,5434.66,-,-
Nias Utara,416.2,421.47,419.91,-,-,60.28,60.5,60.67,-,-,205.36,207.73,212.18,-,-,681.84,689.7,692.76,-,-
Nias Barat,219.24,220.66,221.85,-,-,32.43,32.38,32.47,-,-,110.62,109.61,110.38,-,-,362.3,362.64,364.7,-,-
Kota Sibolga,182.96,187.1,182.13,-,-,166.15,164.07,166.42,-,-,685.39,701.16,708.33,-,-,1034.5,1052.34,1056.88,-,-
Kota Tanjung Balai,283.18,286.88,287.92,-,-,604.19,605.62,617.86,-,-,844.97,855.08,856.78,-,-,1732.35,1747.57,1762.56,-,-
Kota Pematang Siantar,43.39,43.46,43.68,-,-,737.19,747.91,749.3,-,-,1968.59,1992.22,2004.94,-,-,2749.16,2783.59,2797.93,-,-
Kota Tebing Tinggi,17.66,17.55,18.01,-,-,284.22,286.95,290.95,-,-,833.72,847.88,854.18,-,-,1135.59,1152.38,1163.14,-,-
Kota Medan,364.92,378.72,380.74,-,-,14527.04,14863.68,15271.29,-,-,31062.5,32572.14,33155.62,-,-,45954.45,47814.54,48807.65,-,-
Kota Binjai,134.4,136.3,135.55,-,-,492.02,503.57,520.91,-,-,1732.59,1791.4,1815.94,-,-,2359.02,2431.27,2472.39,-,-
Kota Padangsidimpuan,155.75,146.98,150.82,-,-,180.03,181.8,187.68,-,-,947.53,962.04,993.56,-,-,1283.31,1290.82,1332.06,-,-
Kota Gunungsitoli,161.8,162.76,163.44,-,-,188.34,190.02,190.21,-,-,644.89,653.04,657.58,-,-,995.02,1005.82,1011.22,-,-
Kepulauan Mentawai,423.18,431.4,431.95,-,-,140.1,142.28,151.86,-,-,304.54,310.3,301.21,-,-,867.82,883.97,885.02,-,-
Pesisir Selatan,1117.22,1083.45,1091.37,-,-,473.01,475.55,514.85,-,-,1238.18,1265.39,1240.69,-,-,2828.41,2824.4,2846.91,-,-
Solok,1209.07,1179.66,1161,-,-,388.91,391.91,427.78,-,-,1350.02,1397.08,1368.24,-,-,2948,2968.66,2957.01,-,-
Sijunjung,776.64,786.02,791.42,-,-,313.39,319.83,340.05,-,-,867.65,884.51,888.37,-,-,1957.68,1990.36,2019.84,-,-
Tanah Datar,919.98,857.42,857.41,-,-,581.37,588.91,612.95,-,-,1375.95,1439.65,1406.82,-,-,2877.3,2885.98,2877.19,-,-
Padang Pariaman,1061.86,1041.15,1029.4,-,-,807.48,805.33,861.12,-,-,1762.72,1858.31,1797.52,-,-,3632.06,3704.79,3688.04,-,-
Agam,1393.68,1371.22,1346.72,-,-,801.25,811.11,852.51,-,-,2140.31,2200.5,2187.61,-,-,4335.24,4382.82,4386.84,-,-
Lima Puluh Kota,1293.84,1281.31,1276.11,-,-,391.36,394.91,421.86,-,-,1624.07,1668.89,1643.76,-,-,3309.27,3345.11,3341.73,-,-
Pasaman,906.9,891.35,900.97,-,-,158.5,160.02,165.69,-,-,764.9,794.65,779.86,-,-,1830.3,1846.02,1846.53,-,-
Solok Selatan,424.66,426.08,431.75,-,-,184.67,188.25,200.12,-,-,559.9,572.11,564.98,-,-,1169.24,1186.44,1196.86,-,-
Dharmasraya,723.67,748.72,774.11,-,-,396.04,403.36,426.13,-,-,1080.85,1107.13,1090.49,-,-,2200.56,2259.2,2290.74,-,-
Pasaman Barat,1435.41,1478.6,1524.78,-,-,657.54,664.55,711.58,-,-,1234.95,1274.29,1239.05,-,-,3327.89,3417.43,3475.41,-,-
Kota Padang,957.93,995.21,945.99,-,-,2731.03,2756.8,2889.19,-,-,9421.16,9715.88,9513.45,-,-,13110.12,13467.89,13348.63,-,-
Kota Solok,46.46,45.62,44.2,-,-,138.68,142.14,149.71,-,-,673.01,690.77,679.8,-,-,858.16,878.54,873.7,-,-
Kota Sawah Lunto,99.92,98.93,95.67,-,-,188.45,188.2,203.82,-,-,520.53,538.7,529.31,-,-,808.9,825.83,828.8,-,-
Kota Padang Panjang,38.86,38.39,37.01,-,-,136.52,136.11,142.06,-,-,592.51,608.98,600.15,-,-,767.89,783.48,779.22,-,-
Kota Bukittinggi,19.71,19.5,18.29,-,-,232.36,233.97,234.24,-,-,1575.81,1628.5,1621.7,-,-,1827.88,1881.98,1874.23,-,-
Kota Payakumbuh,79.66,80.56,78.06,-,-,225.98,233.03,243.42,-,-,1025.7,1051.65,1033.98,-,-,1331.34,1365.24,1355.46,-,-
Kota Pariaman,191.1,194.13,189.54,-,-,225.35,228.43,240.75,-,-,651.52,663.91,657.13,-,-,1067.97,1086.46,1087.41,-,-
Kuantan Singingi,3617.37,3854.84,3850.97,-,-,2546.04,2757.83,2898.33,-,-,656.01,758.7,724.29,-,-,6819.42,7371.37,7473.6,-,-
Indragiri Hulu,3465.89,3477.67,3492.38,-,-,3812.05,3774.14,4311.23,-,-,1658.13,1701.4,1717.26,-,-,8936.06,8953.21,9520.86,-,-
Indragiri Hilir,6261.27,5796.62,6684.31,-,-,4361.79,4628.28,4810.11,-,-,2672.17,2869.88,2678.69,-,-,13295.23,13294.78,14173.1,-,-
Pelalawan,3967.96,3939.31,4222.91,-,-,5942.98,6058.87,6295.96,-,-,703.91,745.44,711.85,-,-,10614.85,10743.62,11230.73,-,-
Siak,6497,6485.99,6930.76,-,-,8334.44,8544.08,8849.36,-,-,981.95,1058.1,1012.9,-,-,15813.39,16088.16,16793.03,-,-
Kampar,8126.97,8033.88,8577.39,-,-,5755.72,5853.16,6299.06,-,-,1321.37,1381.04,1307.86,-,-,15204.05,15268.08,16184.3,-,-
Rokan Hulu,4327.66,4442.92,4718.23,-,-,2331.27,2461.42,2555.7,-,-,941.5,1056.2,1016.74,-,-,7600.43,7960.53,8290.66,-,-
Bengkalis,12751.97,12439.87,12822.91,-,-,4920.12,5241.04,5500.09,-,-,2334.92,2415.3,2486.17,-,-,20007.02,20096.22,20809.17,-,-
Rokan Hilir,8393.36,8407.97,8619,-,-,3170.3,3412.04,3546.83,-,-,1149.03,1228.62,1174.24,-,-,12712.7,13048.62,13340.06,-,-
Kepulauan Meranti,1869.11,1788.61,1885.33,-,-,1287.76,1266.5,1362.1,-,-,551.14,608.65,543.9,-,-,3708,3663.75,3791.34,-,-
Kota Pekanbaru,328.82,322.93,333.13,-,-,10887.32,10952.24,11496.34,-,-,10678.31,11500.94,10414.88,-,-,21894.46,22776.1,22244.35,-,-
Kota Dumai,409.44,387.94,385.23,-,-,5814.11,5532.82,5707.39,-,-,1892.79,2009.85,1847.29,-,-,8116.34,7930.61,7939.9,-,-
Kerinci,980.42,1010.28,1031.43,-,-,295.78,308.47,311.15,-,-,692.4,736.42,745.9,-,-,1968.59,2055.18,2088.48,-,-
Merangin,1555.05,1602.63,1614.23,-,-,440.46,458.58,463.52,-,-,1056.46,1128.26,1132.86,-,-,3051.97,3189.47,3210.62,-,-
Sarolangun,1909.42,1976.42,2038.08,-,-,479.24,520.87,533.93,-,-,886.23,951.5,971.59,-,-,3274.89,3448.79,3543.59,-,-
Batang Hari,2110.76,2255.45,2298.99,-,-,584.23,609.28,619.21,-,-,954.19,1000.79,1023.69,-,-,3649.18,3865.52,3941.89,-,-
Muaro Jambi,2788.59,2936.99,3057.52,-,-,1087.82,1167.23,1197.77,-,-,1152.01,1200.34,1197.88,-,-,5028.43,5304.55,5453.16,-,-
Tanjung Jabung Timur,3226.5,3326.28,3423.6,-,-,566.41,598.76,609.61,-,-,848.78,922.17,932.45,-,-,4641.69,4847.21,4965.67,-,-
Tanjung Jabung Barat,5526.16,5625.86,5735.16,-,-,1946.03,2119.68,2150.91,-,-,1235.24,1308.78,1316.33,-,-,8707.43,9054.32,9202.39,-,-
Tebo,1870.13,1947.2,1979.2,-,-,393.45,409.23,415.48,-,-,834.57,856.18,866.9,-,-,3098.15,3212.62,3261.58,-,-
Bungo,1488.19,1600,1618.72,-,-,672.16,682.26,698.51,-,-,1507.14,1603.56,1614.14,-,-,3667.48,3885.82,3931.37,-,-
Kota Jambi,142.19,143.98,142.42,-,-,1164.04,1201.79,1244.77,-,-,4402.63,4704.37,4716.78,-,-,5708.85,6050.15,6103.96,-,-
Kota Sungai Penuh,85.11,89.51,90.03,-,-,182.13,180.51,189.23,-,-,1117.72,1155.33,1179.32,-,-,1384.97,1425.35,1458.57,-,-
Ogan Komering Ulu,1027.95,1093.19,1149.31,-,-,835.25,862.49,885.08,-,-,1107.83,1128.01,1164.57,-,-,2971.02,3083.69,3198.96,-,-
Ogan Komering Ilir,3724.05,3610.12,3949.57,-,-,1984.53,2128.39,2198.88,-,-,1413.43,1495.08,1481.59,-,-,7122.02,7233.58,7630.05,-,-
Muara Enim,9327.08,10968.06,12016.16,-,-,2088.63,2176.21,2222.96,-,-,1640.92,1759.43,1786.76,-,-,13056.62,14903.7,16025.88,-,-
Lahat,2282.21,2792.32,2839.43,-,-,426.66,448.21,467.37,-,-,978.22,1007.51,1002.86,-,-,3687.09,4248.03,4309.66,-,-
Musi Rawas,2473.02,2722.64,2714.84,-,-,756.85,758.49,748.47,-,-,784.28,779.27,784.25,-,-,4014.15,4260.4,4247.56,-,-
Musi Banyuasin,9310.89,9164.37,9391.04,-,-,2198.61,2276.27,2330.98,-,-,2031.14,2165.58,2140.12,-,-,13540.63,13606.21,13862.13,-,-
Banyu Asin,2730.75,2537.17,2494.48,-,-,2308.12,2368.71,2433.2,-,-,1448.36,1535.05,1412.36,-,-,6487.23,6440.93,6340.04,-,-
Ogan Komering Ulu Selatan,608.68,597.13,697.04,-,-,424.79,442.04,438.27,-,-,727.51,735.93,741.83,-,-,1760.98,1775.09,1877.15,-,-
Ogan Komering Ulu Timur,1246.71,1389.57,1507.49,-,-,754.07,792.89,794.7,-,-,1092.32,1179.92,1190.1,-,-,3093.11,3362.38,3492.29,-,-
Ogan Ilir,621.28,639.57,751.79,-,-,616.57,631.69,628.64,-,-,994.56,1047.9,1050.06,-,-,2232.42,2319.16,2430.49,-,-
Empat Lawang,440.52,494.47,483.37,-,-,204.45,210.26,218.87,-,-,389.26,397.86,408.34,-,-,1034.23,1102.59,1110.58,-,-
Penukal Abab Lematang Ilir,854.5,822.95,885.6,-,-,230.94,250.08,252.23,-,-,332.22,343.56,350.31,-,-,1417.66,1416.6,1488.14,-,-
Musi Rawas Utara,1165.33,1261.11,1321.47,-,-,172.04,171.48,171.03,-,-,271.92,278.91,280.69,-,-,1609.29,1711.5,1773.19,-,-
Kota Palembang,122.68,130.02,165.04,-,-,15297.78,15723.4,15812.7,-,-,16517.04,16867.84,17345.08,-,-,31937.5,32721.27,33322.82,-,-
Kota Prabumulih,274.92,284.54,290.45,-,-,414.82,421.47,429.62,-,-,951.96,978.36,976.48,-,-,1641.7,1684.37,1696.55,-,-
Kota Pagar Alam,170.85,188.9,181.29,-,-,121.49,126.4,127.25,-,-,379.86,394.77,401.89,-,-,672.2,710.07,710.43,-,-
Kota Lubuklinggau,85.49,89.15,85.55,-,-,362.31,376.86,380.27,-,-,852.75,869.2,876.16,-,-,1300.55,1335.21,1341.98,-,-
Bengkulu Selatan,353.63,374.36,359.19,-,-,81.59,90.16,95.11,-,-,600.17,650.14,642.9,-,-,1035.39,1114.67,1097.2,-,-
Rejang Lebong,548.12,575.83,537.77,-,-,136.92,152.99,155.44,-,-,1088.05,1175.11,1152.42,-,-,1773.09,1903.93,1845.63,-,-
Bengkulu Utara,745.66,726.64,729.56,-,-,182.27,204.67,205.37,-,-,617.48,665.62,658.25,-,-,1545.41,1596.93,1593.18,-,-
Kaur,342.96,366.93,350.36,-,-,63.87,69.71,72.52,-,-,245.81,265.34,256.3,-,-,652.64,701.98,679.18,-,-
Seluma,402.07,417.44,390.03,-,-,109.85,123.06,123.13,-,-,296.56,320.74,315.48,-,-,808.48,861.24,828.63,-,-
Mukomuko,437.45,474.42,456.92,-,-,146.58,165.67,165.67,-,-,375.23,411.53,390.79,-,-,959.25,1051.62,1013.38,-,-
Lebong,270.77,279.05,268.89,-,-,82.73,91.95,95.06,-,-,251.37,274.9,263.26,-,-,604.87,645.91,627.21,-,-
Kepahiang,355.14,375.57,359.87,-,-,102.27,112.34,115.41,-,-,361.56,390.55,377.7,-,-,818.97,878.46,852.98,-,-
Bengkulu Tengah,363.15,340.31,353.73,-,-,151.34,167.39,164.95,-,-,319.12,339.79,325.31,-,-,833.61,847.49,843.98,-,-
Kota Bengkulu,350.07,383.49,374.21,-,-,340.95,375.86,378.37,-,-,3981.43,4293.99,4062.99,-,-,4672.45,5053.34,4815.57,-,-
Lampung Barat,594.02,676.86,718.92,-,-,143.73,157.57,165,-,-,674.46,683.04,686.76,-,-,1412.21,1517.47,1570.69,-,-
Tanggamus,1211.59,1425.63,1409.76,-,-,468.98,508.19,516.99,-,-,1362.89,1415.2,1402.84,-,-,3043.46,3349.03,3329.59,-,-
Lampung Selatan,2033.24,2750.27,2676.13,-,-,3261.31,3350.49,3448.72,-,-,3355.26,3445.13,3451.06,-,-,8649.81,9545.9,9575.92,-,-
Lampung Timur,3775.72,4597.91,4421.85,-,-,1270.7,1376.8,1405.76,-,-,2749.11,2850.62,2834.52,-,-,7795.53,8825.33,8662.13,-,-
Lampung Tengah,4206.27,5439.38,5472.06,-,-,4932.73,5180.91,5432.53,-,-,4542.55,4584.82,4559.77,-,-,13681.55,15205.1,15464.36,-,-
Lampung Utara,1377.08,1752.51,1736.14,-,-,1086.37,1156.3,1191.18,-,-,2104.45,2155.76,2148.06,-,-,4567.9,5064.58,5075.38,-,-
Way Kanan,901.37,1086.92,1149.53,-,-,848.25,887.58,894.46,-,-,994.23,1018.8,1018.1,-,-,2743.84,2993.3,3062.09,-,-
Tulangbawang,1396.87,1768.39,1732.36,-,-,1565.16,1644.52,1719.88,-,-,1481.49,1516.15,1521.99,-,-,4443.52,4929.06,4974.23,-,-
Pesawaran,1109.31,1368.19,1372,-,-,842.94,878.67,897.8,-,-,1265.86,1299.13,1296.79,-,-,3218.11,3545.99,3566.59,-,-
Pringsewu,432.83,535.38,534.79,-,-,594.74,624.16,645.19,-,-,1213.96,1244.61,1241.9,-,-,2241.53,2404.16,2421.88,-,-
Mesuji,674.12,831.47,815.21,-,-,670.92,711.63,743.25,-,-,607.9,624.98,623.47,-,-,1952.94,2168.08,2181.93,-,-
Tulang Bawang Barat,571.35,832.02,823.39,-,-,859.68,897.77,932.66,-,-,752.3,766.21,766.31,-,-,2183.33,2495.99,2522.36,-,-
Pesisir Barat,373.88,432.99,436.65,-,-,103,108.74,110.36,-,-,364.43,372.9,374.27,-,-,841.31,914.63,921.28,-,-
Kota Bandar Lampung,636.96,675.95,673.26,-,-,3457.63,3691.04,3803.08,-,-,7609.52,7816.63,7741.14,-,-,11704.12,12183.62,12217.48,-,-
Kota Metro,51.19,71.02,70.96,-,-,284.92,299.69,314.74,-,-,924.82,949.03,955.33,-,-,1260.93,1319.74,1341.03,-,-
Bangka,934.49,968.37,960.69,-,-,918.98,971.36,997.61,-,-,1058.53,1138.84,1119.54,-,-,2911.99,3078.58,3077.85,-,-
Belitung,629.57,649.68,630.78,-,-,433.92,437.19,446.33,-,-,847.55,910.95,892.01,-,-,1911.03,1997.82,1969.12,-,-
Bangka Barat,665.25,697.1,680.37,-,-,1300.49,1433.59,1476.44,-,-,705.92,731.67,727.8,-,-,2671.66,2862.36,2884.61,-,-
Bangka Tengah,481.43,501.67,527.98,-,-,349.64,330.15,310.2,-,-,879.67,944.53,917.77,-,-,1710.75,1776.35,1755.96,-,-
Bangka Selatan,1015.73,1047.19,1014.07,-,-,195.75,198.86,207.45,-,-,482.26,518.89,508.36,-,-,1693.74,1764.94,1729.89,-,-
Belitung Timur,648.25,667.61,666.96,-,-,384.62,396.13,393.4,-,-,521.78,560.74,543.51,-,-,1554.65,1624.49,1603.87,-,-
Kota Pangkal Pinang,119.61,122.14,115.23,-,-,716.86,722.25,653.55,-,-,1863.17,2004.54,1959.3,-,-,2699.64,2848.93,2728.07,-,-
Karimun,592.86,625.53,659.35,-,-,928.44,968.32,1033.58,-,-,1199.53,1230.41,1233.29,-,-,2720.83,2824.26,2926.22,-,-
Bintan,307.21,331.47,337.92,-,-,3010.03,2983.94,3059.8,-,-,1192.85,1308.89,1337.44,-,-,4510.08,4624.3,4735.16,-,-
Natuna,2785.86,3184.17,3563.45,-,-,299.69,301.16,298.8,-,-,355.84,368.1,365.24,-,-,3441.39,3853.43,4227.49,-,-
Lingga,210.15,225.82,228.96,-,-,169.22,170.09,173.88,-,-,450.91,465.53,470.51,-,-,830.28,861.44,873.35,-,-
Kepulauan Anambas,2174.58,2591.8,2869.51,-,-,188.41,197,200.09,-,-,210.51,231.75,228.22,-,-,2573.5,3020.55,3297.82,-,-
Kota Batam,257.54,290.78,315.23,-,-,27536.78,27883.58,27829.96,-,-,7306.19,7522.56,7689.25,-,-,35100.51,35696.92,35834.44,-,-
Kota Tanjung Pinang,29.26,30.32,30.29,-,-,1339.93,1351.48,1275.48,-,-,2606.79,2730.3,2662.89,-,-,3975.97,4112.1,3968.66,-,-
Kep. Seribu,574.13,529.53,502.6,-,-,70.17,69.41,71.53,-,-,180.42,187.87,188.71,-,-,824.72,786.81,762.84,-,-
Kota Jakarta Selatan,58.88,58.69,58.91,-,-,14801.8,15065.52,15583.68,-,-,114364.29,116395.27,115230.96,-,-,129224.97,131519.48,130873.55,-,-
Kota Jakarta Timur,63.81,63.32,63.62,-,-,33423.25,33237,34299.31,-,-,59480.78,60725.29,60965.63,-,-,92967.84,94025.61,95328.56,-,-
Kota Jakarta Pusat,8.1,7.92,7.93,-,-,11910.4,12131.76,12541.8,-,-,125738.7,128441.78,126499.51,-,-,137657.19,140581.47,139049.25,-,-
Kota Jakarta Barat,57.98,57.51,57.67,-,-,16866.61,16983.65,17426.26,-,-,81747.82,83110.18,83010.24,-,-,98672.41,100151.34,100494.17,-,-
Kota Jakarta Utara,125.1,120.91,121.98,-,-,42687.86,42461.71,43515.61,-,-,54692.12,56174.63,56485.03,-,-,97505.08,98757.25,100122.62,-,-
Bogor,3342.81,3254.46,3217.15,-,-,29348.86,29605.47,29916.68,-,-,15218.02,15614.04,15610.73,-,-,47909.69,48473.97,48744.55,-,-
Sukabumi,3784.25,3529.07,3644.53,-,-,4231.86,4351.41,4507.08,-,-,6522.34,6680.41,6688.57,-,-,14538.44,14560.88,14840.19,-,-
Cianjur,2902.58,3157.73,3114.47,-,-,1417.18,1579.76,1630.82,-,-,5591.78,5733.17,5626.32,-,-,9911.55,10470.66,10371.61,-,-
Bandung,2048.8,2136.09,1902.83,-,-,14313.9,14896.85,15151.08,-,-,8820.09,8997.51,9070.52,-,-,25182.79,26030.45,26124.43,-,-
Garut,4292.38,3918.19,3794.96,-,-,1885.79,1923.36,1977.04,-,-,6228.89,6359.01,6365.52,-,-,12407.06,12200.56,12137.53,-,-
Tasikmalaya,2687.95,2434.92,2376.41,-,-,1248.15,1266.03,1330.64,-,-,3751.06,3809.52,3811.11,-,-,7687.17,7510.48,7518.16,-,-
Ciamis,1274.35,1314.7,1324.73,-,-,1077.99,1158.83,1159.64,-,-,4415.17,4511.93,4501.62,-,-,6767.52,6985.47,6986,-,-
Kuningan,1110.65,1162.43,1072.78,-,-,575.2,580.61,602.38,-,-,3744.52,3856.53,3926.4,-,-,5430.37,5599.56,5601.57,-,-
Cirebon,1248.92,1677.09,1418.38,-,-,3096.21,3164.28,3317.78,-,-,5583.82,5738.3,5782.41,-,-,9928.95,10579.68,10518.56,-,-
Majalengka,1324.37,1353.47,1352.87,-,-,2674.95,2803.18,2850.54,-,-,3138.61,3329.5,3265.08,-,-,7137.92,7486.14,7468.5,-,-
Sumedang,1319.42,1304.7,1184.95,-,-,2033.42,2110.33,2278.57,-,-,3819.48,3994.77,3900.76,-,-,7172.32,7409.8,7364.28,-,-
Indramayu,3631.2,4304.33,4053.27,-,-,9009.07,8982.91,9035.81,-,-,4503.4,4623.06,4605.12,-,-,17143.67,17910.3,17694.21,-,-
Subang,2559.44,2805.13,2696.3,-,-,1837.69,1873.49,1925.69,-,-,3925.55,4002.51,4035.52,-,-,8322.68,8681.13,8657.52,-,-
Purwakarta,898.52,942.92,901.28,-,-,9013.82,9105.42,9191.58,-,-,4048.05,4145.84,4141.45,-,-,13960.4,14194.17,14234.31,-,-
Karawang,1892.52,2348.43,2249.97,-,-,36375.81,37770.48,39603.13,-,-,10075.89,10473.54,10579.75,-,-,48344.22,50592.46,52432.85,-,-
Bekasi,1063.36,1222.6,1176.36,-,-,63179.09,64472.65,65581.5,-,-,10865.82,10962.61,10705.58,-,-,75108.27,76657.87,77463.44,-,-
Bandung Barat,1178.14,1205.34,1195.61,-,-,4574.95,4691.14,4691.5,-,-,3680.3,3776.52,3806.12,-,-,9433.38,9673.01,9693.24,-,-
Pangandaran,578.25,590.24,635.18,-,-,321.54,327.13,350.06,-,-,1480.62,1551.07,1553.54,-,-,2380.41,2468.44,2538.78,-,-
Kota Bogor,80.06,97.83,81.31,-,-,3034.3,3044.67,3071.83,-,-,6915.43,7053.77,7112.52,-,-,10029.79,10196.26,10265.67,-,-
Kota Sukabumi,89.08,91.16,83.68,-,-,314.64,324.25,327.43,-,-,2248.79,2292.99,2308.48,-,-,2652.5,2708.4,2719.59,-,-
Kota Bandung,44.35,51.95,41.82,-,-,14958.92,15232.97,15249.55,-,-,44650.28,45932.52,46147.07,-,-,59653.55,61217.45,61438.43,-,-
Kota Cirebon,10.28,10.21,9.94,-,-,1108.74,1076.8,1105.06,-,-,3988.72,4177.8,4156.82,-,-,5107.74,5264.81,5271.82,-,-
Kota Bekasi,99.22,106.28,102.83,-,-,9377.16,9604.48,9763.19,-,-,11412.75,11807.77,11553.58,-,-,20889.13,21518.53,21419.59,-,-
Kota Depok,178.73,185.53,177.48,-,-,7436.1,7716.4,7795.91,-,-,7265.35,7488.55,7474.5,-,-,14880.18,15390.48,15447.89,-,-
Kota Cimahi,10.32,10.57,9.81,-,-,3831.95,3960.62,3987.52,-,-,3173.71,3256.38,3230.66,-,-,7015.98,7227.57,7227.99,-,-
Kota Tasikmalaya,204.72,224.76,208.1,-,-,1343.39,1384.85,1393.41,-,-,3231.19,3356.22,3255.67,-,-,4779.3,4965.83,4857.18,-,-
Kota Banjar,105.48,122.81,113.55,-,-,200.63,192.26,208.23,-,-,668.63,679.03,694.18,-,-,974.75,994.11,1015.97,-,-
Cilacap,2743.93,2909.07,2720.79,-,-,16988.94,18636.66,19318.51,-,-,5850.92,5975.69,5942.13,-,-,25583.78,27521.42,27981.42,-,-
Banyumas,1873.62,1859.73,1866.55,-,-,4419.51,4537.24,4610.19,-,-,6171.43,6285.38,6277.69,-,-,12464.56,12682.34,12754.43,-,-
Purbalingga,1494.14,1530.19,1406.7,-,-,1762.9,1788.28,1815.38,-,-,2080.61,2131.72,2140.31,-,-,5337.65,5450.19,5362.39,-,-
Banjarnegara,1436.84,1488.16,1457.08,-,-,1007.46,1029.54,1060.83,-,-,2207.58,2230.99,2236.01,-,-,4651.88,4748.69,4753.92,-,-
Kebumen,1563.05,1299.81,1411.34,-,-,1755.3,1798.89,1842.1,-,-,3039.45,3107.01,3117.7,-,-,6357.8,6205.7,6371.15,-,-
Purworejo,863.73,768.08,735.44,-,-,1093.46,1128.65,1172.59,-,-,2147.93,2240.5,2243.25,-,-,4105.12,4137.23,4151.28,-,-
Wonosobo,1157.08,1287.39,1272.3,-,-,966.79,992.16,1010.84,-,-,1948.34,2001.95,2016.2,-,-,4072.2,4281.49,4299.34,-,-
Magelang,1480.32,1479.03,1487.87,-,-,2277.78,2341.62,2399.77,-,-,3353.93,3450.99,3433.84,-,-,7112.03,7271.64,7321.47,-,-
Boyolali,1558.97,1545.7,1474.45,-,-,2665.5,2700.14,2767.07,-,-,2940.95,2969.55,2900.74,-,-,7165.42,7215.39,7142.26,-,-
Klaten,1014.21,1052.68,1021.69,-,-,3604.49,3547.77,3617.47,-,-,3993.91,4124.93,4146.98,-,-,8612.6,8725.37,8786.14,-,-
Sukoharjo,642.59,664.24,631.97,-,-,3462.37,3548.71,3599.23,-,-,4189.24,4264.96,4257.25,-,-,8294.2,8477.91,8488.45,-,-
Wonogiri,2224.67,1743.85,1819.7,-,-,1558.9,1581.89,1603.7,-,-,2972.57,3085.61,3099.53,-,-,6756.14,6411.35,6522.93,-,-
Karanganyar,995.52,1035.18,986.74,-,-,4288.89,4340,4371.44,-,-,2978.25,3055.23,2986.26,-,-,8262.66,8430.41,8344.45,-,-
Sragen,1149.05,1116.07,1082.25,-,-,3620.16,3682.61,3718.52,-,-,3543.88,3636.36,3648.43,-,-,8313.1,8435.04,8449.2,-,-
Grobogan,1867.26,1390.14,1564.04,-,-,1152.11,1197.62,1216.49,-,-,3434.99,3514.39,3529.76,-,-,6454.36,6102.15,6310.28,-,-
Blora,2115.48,1946.46,1990.91,-,-,746.17,770.38,798.48,-,-,2366.68,2420.4,2440.76,-,-,5228.33,5137.25,5230.14,-,-
Rembang,1208.75,1060.41,1018.67,-,-,1314.27,1313.07,1385.88,-,-,1812.76,1832.25,1855.56,-,-,4335.78,4205.73,4260.11,-,-
Pati,2215.45,2219.54,2257.98,-,-,3459.16,3507.53,3553.08,-,-,3973.57,4090.19,4085.99,-,-,9648.17,9817.26,9897.05,-,-
Kudus,571.64,466.06,508.2,-,-,14621.78,14513.28,14742.97,-,-,3526.44,3657.88,3670.98,-,-,18719.86,18637.21,18922.15,-,-
Jepara,847.93,923.89,941.15,-,-,2595.72,2610.01,2641.3,-,-,3174.1,3234.38,3232.7,-,-,6617.75,6768.28,6815.16,-,-
Demak,1323.54,934.67,960.9,-,-,2224.76,2456.18,2471.78,-,-,2360.86,2413.05,2428.82,-,-,5909.16,5803.89,5861.49,-,-
Semarang,1006.04,1056.16,1014.06,-,-,5338.9,5476.18,5557.52,-,-,4294.4,4367.79,4375.3,-,-,10639.34,10900.13,10946.87,-,-
Temanggung,1015.86,1170.85,990.69,-,-,1371.17,1381.02,1424.59,-,-,2253.2,2280.12,2301.13,-,-,4640.24,4831.99,4716.41,-,-
Kendal,1882.69,1852.46,1770.54,-,-,4380.2,4630.63,4929.72,-,-,3393.61,3503.01,3540.84,-,-,9656.5,9986.1,10241.11,-,-
Batang,856.25,893.62,961.9,-,-,1970.4,2052.38,2132.48,-,-,1951.1,2028.83,2060.24,-,-,4777.75,4974.83,5154.62,-,-
Pekalongan,879.28,913.61,885.32,-,-,1845.93,1859.72,1910.98,-,-,2318.8,2329.75,2341.35,-,-,5044.02,5103.08,5137.64,-,-
Pemalang,1426.51,1595.67,1621.42,-,-,1364.09,1411.26,1462.13,-,-,2687.99,2810.05,2850.03,-,-,5478.6,5816.98,5933.58,-,-
Tegal,1111.83,1126.4,1123.42,-,-,3080.58,3115.77,3174.13,-,-,3448.21,3508.08,3536.43,-,-,7640.63,7750.25,7833.97,-,-
Brebes,3339.36,3352.81,3200.06,-,-,2160.65,2156.28,2244.03,-,-,4647.33,4735.04,4814.33,-,-,10147.34,10244.12,10258.43,-,-
Kota Magelang,30.28,31.94,28.81,-,-,572.93,591.11,615.5,-,-,1367.03,1402,1390.83,-,-,1970.24,2025.05,2035.13,-,-
Kota Surakarta,43.81,43.74,17.17,-,-,2974.91,3172.04,3330.76,-,-,7879.46,7999.81,7988.18,-,-,10898.18,11215.6,11336.12,-,-
Kota Salatiga,123.37,135.62,116.52,-,-,1264.49,1263.25,1289.2,-,-,1597.46,1632.83,1639.06,-,-,2985.31,3031.7,3044.78,-,-
Kota Semarang,363.25,380.1,340.6,-,-,21512.8,21929.28,22959.5,-,-,22157.09,22548.43,22579.82,-,-,44033.14,44857.82,45879.92,-,-
Kota Pekalongan,89.98,98.35,87.96,-,-,759.62,791.51,806.77,-,-,1449.79,1480.99,1467.79,-,-,2299.39,2370.85,2362.52,-,-
Kota Tegal,138.44,136.13,140.09,-,-,1047.72,1096.24,1127.65,-,-,2198.17,2210.96,2222.41,-,-,3384.33,3443.33,3490.15,-,-
Kulon Progo,423.08,366.34,373.19,-,-,666.6,697.61,731.31,-,-,1568.29,1627.65,1611.18,-,-,2657.97,2691.6,2715.68,-,-
Bantul,682.76,627.48,624.07,-,-,1246.65,1280.6,1319.72,-,-,3935.1,4062.04,4009.31,-,-,5864.51,5970.12,5953.1,-,-
Gunung Kidul,1086.4,890.81,906.13,-,-,720.42,739.74,766.35,-,-,2635.72,2715.27,2663.34,-,-,4442.55,4345.82,4335.83,-,-
Sleman,709.23,659.66,661.4,-,-,2646.86,2797.7,2958.16,-,-,7425.04,7605.14,7496.2,-,-,10781.13,11062.5,11115.77,-,-
Kota Yogyakarta,10.29,10.85,10.91,-,-,1447.89,1512.33,1525.67,-,-,6918.11,7088.46,7028.49,-,-,8376.3,8611.64,8565.07,-,-
Pacitan,999.93,960.7,1149.22,-,-,722.25,755.41,782.16,-,-,1641.07,1672.63,1669.15,-,-,3363.25,3388.74,3600.53,-,-
Ponorogo,900.31,1101.83,1231.56,-,-,793.24,836.55,844.6,-,-,2499.46,2535.99,2547.97,-,-,4193.01,4474.37,4624.13,-,-
Trenggalek,909.1,1015.73,1109.92,-,-,1032.33,1058.77,1081.94,-,-,1809.93,1833.84,1827.97,-,-,3751.37,3908.34,4019.83,-,-
Tulungagung,1235.73,1594.46,1773.66,-,-,2643.45,2699.99,2811.2,-,-,4060.58,4119.77,4137.7,-,-,7939.75,8414.22,8722.56,-,-
Blitar,2118.51,2611.6,2416.83,-,-,1829.02,1889.39,1968.61,-,-,3465.29,3526.07,3515.12,-,-,7412.82,8027.05,7900.56,-,-
Kediri,1543.32,1749.18,2129.61,-,-,2629.62,2760.9,2826.98,-,-,4215.34,4276.59,4278.47,-,-,8388.28,8786.67,9235.06,-,-
Malang,2787.14,3001.53,3299.44,-,-,9037.84,9339.48,9479.47,-,-,8514.65,8640.79,8571.64,-,-,20339.63,20981.81,21350.55,-,-
Lumajang,1971.7,2402.68,2411.58,-,-,2085.47,2123.88,2176.95,-,-,2411.97,2443.52,2468.49,-,-,6469.14,6970.08,7057.02,-,-
Jember,3757.25,5000.91,5741.09,-,-,4686.76,4816.56,4904.11,-,-,6982.72,7076.71,7137.33,-,-,15426.74,16894.19,17782.53,-,-
Banyuwangi,4581.43,5621.13,5741.3,-,-,4385.19,4536.34,4671.59,-,-,6848.7,6923.25,6837.58,-,-,15815.32,17080.72,17250.48,-,-
Bondowoso,913.54,1337.33,1226.2,-,-,1347.32,1396,1401.19,-,-,1625.73,1656.57,1641.55,-,-,3886.59,4389.9,4268.95,-,-
Situbondo,1015.82,1241.36,1316.02,-,-,1105.93,1159.45,1180.76,-,-,1832.4,1876.54,1860.02,-,-,3954.15,4277.34,4356.8,-,-
Probolinggo,1797.46,2596.68,2390.93,-,-,2519.59,2612.4,2633.73,-,-,2304.55,2335.14,2300.3,-,-,6621.6,7544.23,7324.96,-,-
Pasuruan,1362.82,1836.81,2032.14,-,-,23491.46,23736.47,24332.72,-,-,7227.35,7338.2,7178.09,-,-,32081.63,32911.47,33542.96,-,-
Sidoarjo,633.29,788.42,791.3,-,-,26711.48,27232.82,27920.53,-,-,16387.48,16724.37,16557.31,-,-,43732.26,44745.61,45269.14,-,-
Mojokerto,948.46,1392.75,1663.02,-,-,11852.71,12070.01,12288.86,-,-,5154.37,5237,5236.34,-,-,17955.54,18699.77,19188.22,-,-
Jombang,1123.25,1456.2,1760.78,-,-,2686.34,2779.91,2883.38,-,-,4516.41,4603.91,4650.81,-,-,8325.99,8840.02,9294.97,-,-
Nganjuk,1571.58,1482.01,1764.95,-,-,1446.68,1518.46,1508.03,-,-,2636.9,2737.29,2674.54,-,-,5655.16,5737.76,5947.52,-,-
Madiun,795.94,936.37,1218.59,-,-,1056.17,1049.81,1105.5,-,-,2012.5,2049.26,2027.73,-,-,3864.6,4035.45,4351.82,-,-
Magetan,956.76,935.2,1092.34,-,-,805.47,851.32,874.97,-,-,2111.78,2184.96,2175.81,-,-,3874.01,3971.48,4143.12,-,-
Ngawi,1138.06,875.84,1285.45,-,-,771.38,791.81,832,-,-,2113.24,2156.74,2167.76,-,-,4022.68,3824.39,4285.21,-,-
Bojonegoro,10022.68,9855.83,9638.45,-,-,2295.34,2373.01,2476.15,-,-,4764.71,4847.45,4853.99,-,-,17082.73,17076.29,16968.59,-,-
Tuban,3281.51,3103.97,3234.43,-,-,5814.46,5477.46,5695.95,-,-,4495.99,4552.34,4557.12,-,-,13591.96,13133.77,13487.51,-,-
Lamongan,2416.96,2797.29,2504.99,-,-,1937.01,2013.11,2052.67,-,-,4023.53,4093.78,4076.55,-,-,8377.5,8904.17,8634.21,-,-
Gresik,3615.39,3718.41,3429.56,-,-,18531.95,19069.97,19591.58,-,-,8253.52,8407.77,8444.23,-,-,30400.85,31196.15,31465.36,-,-
Bangkalan,1576.48,1723.31,1691.54,-,-,790.03,798.47,848.42,-,-,2130.04,2160.23,2175.56,-,-,4496.55,4682.01,4715.52,-,-
Sampang,1630.14,1665.64,1560.53,-,-,614.15,636.94,670.81,-,-,1634.77,1676.84,1693.69,-,-,3879.06,3979.43,3925.03,-,-
Pamekasan,1144.46,1120.2,1013.43,-,-,622.18,644.68,669.43,-,-,1747.1,1790.96,1801.3,-,-,3513.73,3555.84,3484.16,-,-
Sumenep,3495.41,3847.43,4167.55,-,-,1030.8,1049.2,1046.07,-,-,2417.59,2453.11,2483.12,-,-,6943.8,7349.74,7696.73,-,-
Kota Kediri,37.69,52.66,52.36,-,-,18731.25,18689.39,18651.52,-,-,5244.39,5291.16,5334.7,-,-,24013.33,24033.21,24038.58,-,-
Kota Blitar,18.07,42.02,32.78,-,-,234.46,236.96,249.42,-,-,1206.91,1239.17,1244.42,-,-,1459.44,1518.15,1526.62,-,-
Kota Malang,27.35,31.2,30.05,-,-,5871.16,6168.9,6252.07,-,-,10311.48,10523.51,10681.78,-,-,16209.98,16723.62,16963.91,-,-
Kota Probolinggo,90.09,135.05,140.33,-,-,528.94,548.84,578.12,-,-,1868.99,1923.52,1930.93,-,-,2488.02,2607.41,2649.39,-,-
Kota Pasuruan,31.82,35.98,34.64,-,-,430.52,434.74,452.61,-,-,1322.1,1345.06,1373.63,-,-,1784.43,1815.78,1860.87,-,-
Kota Mojokerto,2.35,8.96,3.68,-,-,272.96,279.82,284.34,-,-,1187.74,1206.37,1207.93,-,-,1463.05,1495.15,1495.96,-,-
Kota Madiun,14.63,23.51,26.44,-,-,705.82,709.28,679.29,-,-,2517.93,2540.77,2570.83,-,-,3238.38,3273.55,3276.57,-,-
Kota Surabaya,137.5,142.99,135.93,-,-,36345.26,37405.24,38974.52,-,-,87919.31,89122.65,90313.7,-,-,124402.07,126670.87,129424.15,-,-
Kota Batu,436.49,452.13,394.93,-,-,597.09,634.96,645.17,-,-,2400.89,2533.22,2483.31,-,-,3434.47,3620.3,3523.41,-,-
Pandeglang,2133.45,1869.4,2093.9,-,-,871.22,936.01,893.83,-,-,2809.92,2889.24,2843.55,-,-,5814.59,5694.65,5831.28,-,-
Lebak,1823.96,1649.55,1915.8,-,-,1233.49,1312.46,1287.63,-,-,2995.34,3086.36,3058.1,-,-,6052.79,6048.37,6261.53,-,-
Tangerang,1699.99,1660.12,1721.47,-,-,14889.86,15448.59,15320.46,-,-,12842.01,13071.4,13147.97,-,-,29431.86,30180.11,30189.9,-,-
Serang,1495.53,1357.67,1427.75,-,-,9743.58,9916.4,9874.84,-,-,5197.09,5220.63,5196.73,-,-,16436.2,16494.7,16499.31,-,-
Kota Tangerang,506.06,479.23,496.96,-,-,13474.76,13782.03,13820.78,-,-,18167.22,18459.55,18724.72,-,-,32148.03,32720.8,33042.46,-,-
Kota Cilegon,50.8,46.68,54.52,-,-,16274.68,16155.47,16689.68,-,-,6627.88,6811.33,6805.1,-,-,22953.37,23013.48,23549.29,-,-
Kota Serang,336.55,297.95,319.34,-,-,1579.72,1665.87,1553.93,-,-,5018.84,5105,5168.42,-,-,6935.1,7068.82,7041.69,-,-
Kota Tangerang Selatan,29.23,28.13,28.88,-,-,4037.6,4136.54,4005.57,-,-,14621.48,15003.83,15176.62,-,-,18688.31,19168.5,19211.07,-,-
Jembrana,542.81,535.9,553.17,-,-,374.19,391.75,405.17,-,-,1577.1,1670.5,1684.24,-,-,2494.09,2598.16,2642.58,-,-
Tabanan,866.6,911.48,894.08,-,-,636.47,680.89,683.26,-,-,2547.1,2743.55,2723.27,-,-,4050.17,4335.92,4300.61,-,-
Badung,644.71,673.22,650.14,-,-,1372.36,1442.25,1501.94,-,-,7308.88,7989.41,8064.67,-,-,9325.94,10104.88,10216.75,-,-
Gianyar,580.98,593.55,598.24,-,-,1186,1236.08,1241.27,-,-,3257.56,3390.94,3402.15,-,-,5024.54,5220.58,5241.66,-,-
Klungkung,358.7,364.4,360.77,-,-,302.81,321.08,328.12,-,-,939.61,993.53,995.28,-,-,1601.12,1679.01,1684.17,-,-
Bangli,317.4,311.55,331.56,-,-,205.77,211.26,218.12,-,-,697.67,765.29,742.98,-,-,1220.84,1288.1,1292.66,-,-
Karangasem,817.49,810.87,816.57,-,-,329.01,351.43,356.1,-,-,1787.26,1912.21,1911.79,-,-,2933.76,3074.52,3084.46,-,-
Buleleng,1190.53,1183.99,1191.24,-,-,919.84,971.69,997.19,-,-,3983.62,4304.32,4344.15,-,-,6093.99,6460,6532.57,-,-
Kota Denpasar,502.04,501.13,498.26,-,-,1712.26,1819.97,1849.37,-,-,7283.2,7855.02,7830.59,-,-,9497.5,10176.13,10178.22,-,-
Lombok Barat,807.82,830.77,873.04,-,-,505.08,511.43,521.6,-,-,1648.04,1748.23,1736.24,-,-,2960.94,3090.43,3130.88,-,-
Lombok Tengah,1042.13,1078.81,1139.57,-,-,662.87,679.73,931.68,-,-,1625.69,1747.24,1755.8,-,-,3330.68,3505.78,3827.06,-,-
Lombok Timur,1320.34,1351.51,1512.6,-,-,640.36,681.87,1062.11,-,-,1894.35,2032.81,2038.65,-,-,3855.05,4066.19,4613.37,-,-
Sumbawa,1205.84,1323.64,1292.08,-,-,429.56,434.77,479.58,-,-,1196.18,1244.25,1255.49,-,-,2831.58,3002.66,3027.15,-,-
Dompu,611.94,645.58,584.54,-,-,156.63,156.72,160.81,-,-,650.43,683.93,680.91,-,-,1419,1486.24,1426.26,-,-
Bima,1038.03,1196.27,1093.92,-,-,193.29,195.26,199.03,-,-,984.72,1039.51,1049.75,-,-,2216.04,2431.05,2342.69,-,-
Sumbawa Barat,3142.87,3178.42,3192.54,-,-,382.44,829.89,1116.84,-,-,471.6,499.7,499.41,-,-,3996.91,4508.02,4808.79,-,-
Lombok Utara,333.31,398.96,387.39,-,-,109.08,109.89,113.69,-,-,455.9,487.82,490.09,-,-,898.29,996.67,991.17,-,-
Kota Mataram,135.19,137.87,135.86,-,-,808.56,828.71,786.93,-,-,2944.47,3049.26,3037.57,-,-,3888.22,4015.84,3960.35,-,-
Kota Bima,106.59,115.99,120.18,-,-,97.59,101.19,103.9,-,-,602.95,646.71,659.74,-,-,807.12,863.89,883.83,-,-
Sumba Barat,109.48,126.09,106.69,-,-,31.76,33.66,36.37,-,-,265.11,275.12,279.03,-,-,406.36,434.87,422.09,-,-
Sumba Timur,262.69,293.84,260.12,-,-,131.88,143.26,159.09,-,-,680.35,719.04,724.22,-,-,1074.92,1156.14,1143.42,-,-
Kupang,552.87,604.98,570.89,-,-,172.27,187.43,200.63,-,-,595.7,630.2,639.34,-,-,1320.84,1422.61,1410.86,-,-
Timor Tengah Selatan,582.92,669.49,598.31,-,-,91.31,104.83,121.2,-,-,629.02,659.82,668.61,-,-,1303.25,1434.14,1388.12,-,-
Timor Tengah Utara,337.26,381.35,344.5,-,-,77.99,83.1,94.63,-,-,375.45,392.92,400.8,-,-,790.7,857.37,839.93,-,-
Belu,196.11,223.38,197.47,-,-,65.11,71.34,81.15,-,-,579.11,600.32,604.98,-,-,840.33,895.05,883.59,-,-
Alor,186.7,207.8,189.45,-,-,61.68,65.64,70.52,-,-,319.21,337.75,341.24,-,-,567.59,611.19,601.21,-,-
Lembata,110.72,128.49,111.1,-,-,20.38,21.85,23.3,-,-,189.92,192.71,194.69,-,-,321.02,343.05,329.09,-,-
Flores Timur,279.53,307.16,286.28,-,-,51.52,56.41,61.83,-,-,621.46,646.97,637.86,-,-,952.5,1010.54,985.97,-,-
Sikka,348.03,382.35,365.2,-,-,59.94,65.63,67.97,-,-,530.44,556.27,554.48,-,-,938.41,1004.26,987.64,-,-
Ende,350.72,386.92,359.96,-,-,118.36,126.73,136.53,-,-,675.66,720.94,733.74,-,-,1144.74,1234.59,1230.23,-,-
Ngada,221.89,255.1,224.6,-,-,86.69,90.65,96.46,-,-,324.77,339.2,345.51,-,-,633.35,684.95,666.57,-,-
Manggarai,195.7,232.73,189.97,-,-,97.59,112.38,123.11,-,-,521.39,549.89,596.55,-,-,814.67,895,909.63,-,-
Rote Ndao,253.11,287.71,255.13,-,-,31.49,33.68,45.41,-,-,251.16,262.57,265.65,-,-,535.75,583.96,566.2,-,-
Manggarai Barat,261.49,303.19,257.27,-,-,90.89,100.43,113.76,-,-,298.45,326.1,333.56,-,-,650.82,729.72,704.59,-,-
Sumba Tengah,88.65,105.18,93.12,-,-,7.29,8.1,9.33,-,-,110.34,115.76,118.38,-,-,206.28,229.05,220.83,-,-
Sumba Barat Daya,260.36,302.74,266.62,-,-,30.81,33.17,37.21,-,-,354.32,370.93,387.42,-,-,645.49,706.84,691.26,-,-
Nagekeo,193.77,227.85,197.86,-,-,26.34,28.87,32.08,-,-,158.26,165.19,166.91,-,-,378.36,421.92,396.85,-,-
Manggarai Timur,261.17,304.2,263.96,-,-,28.22,30.46,34.46,-,-,282.11,297.6,308.31,-,-,571.49,632.26,606.72,-,-
Sabu Raijua,98.91,107.07,101.85,-,-,28.44,31.02,33.71,-,-,86.21,91.13,90.25,-,-,213.57,229.22,225.81,-,-
Malaka,213.43,242.97,219.02,-,-,64.11,70.01,76.5,-,-,239.91,251.03,251.92,-,-,517.45,564,547.44,-,-
Kota Kupang,108.5,116.85,113.87,-,-,653.08,713.78,777.8,-,-,3880.63,4092.51,4034.13,-,-,4642.2,4923.14,4925.8,-,-
Sambas,1480.36,1379.78,1447.34,-,-,748.26,770.03,784.95,-,-,1861.53,2013.16,1967.91,-,-,4090.16,4162.96,4200.19,-,-
Bengkayang,704.64,606.72,635.44,-,-,303.79,321.71,328.12,-,-,759.97,807.51,807.94,-,-,1768.4,1735.95,1771.51,-,-
Landak,877.35,764.98,807.47,-,-,403.72,426.15,433.63,-,-,911.99,939.37,928.45,-,-,2193.07,2130.5,2169.55,-,-
Mempawah,365.42,381.46,383.2,-,-,474.64,481.47,549.27,-,-,795.31,819.49,814.73,-,-,1635.37,1682.42,1747.19,-,-
Sanggau,1715.23,1724.38,1784.99,-,-,805.38,827.06,838.13,-,-,1414.21,1471.8,1475.83,-,-,3934.83,4023.25,4098.94,-,-
Ketapang,2385.13,2484.46,2514.99,-,-,1293.59,1358.4,1353.08,-,-,1735.23,1755.48,1743.75,-,-,5413.96,5598.34,5611.82,-,-
Sintang,973.51,942.41,943.32,-,-,597.99,621.29,627.33,-,-,1331.68,1373.93,1365.36,-,-,2903.18,2937.63,2936.02,-,-
Kapuas Hulu,590.85,563.75,581.18,-,-,543.56,586.24,595.89,-,-,764.5,789.95,783.01,-,-,1898.91,1939.94,1960.08,-,-
Sekadau,540.04,541.32,547.54,-,-,203.45,225.87,228.49,-,-,550.19,581.39,573.2,-,-,1293.68,1348.58,1349.24,-,-
Melawi,279.89,266.79,272.51,-,-,171.75,190.35,190,-,-,567.42,592.11,593.43,-,-,1019.07,1049.26,1055.94,-,-
Kayong Utara,270.04,245.99,237.8,-,-,150.36,193.03,195.19,-,-,359.03,367.23,366.52,-,-,779.43,806.25,799.51,-,-
Kubu Raya,1043.27,980.27,997.85,-,-,2422.93,2530.83,2583,-,-,2124.01,2175.87,2173.4,-,-,5590.22,5686.97,5754.25,-,-
Kota Pontianak,98.81,100.08,95.69,-,-,2111.28,2238.38,2311.74,-,-,5007.95,5238.54,5315.59,-,-,7218.04,7577,7723.02,-,-
Kota Singkawang,333.92,313.99,316.96,-,-,604.01,598.64,594.41,-,-,1147.2,1172.07,1180.31,-,-,2085.13,2084.7,2091.68,-,-
Kotawaringin Barat,1103.77,1112.25,1088.88,-,-,1406.21,1447.92,1461.68,-,-,1616.84,1682.19,1685.36,-,-,4126.81,4242.36,4235.92,-,-
Kotawaringin Timur,1471.55,1409.37,1451.8,-,-,1503.32,1643.53,1674.45,-,-,2271.34,2386.89,2452.87,-,-,5246.22,5439.79,5579.12,-,-
Kapuas,1460.31,1413.82,1453.76,-,-,608.5,603.7,705.01,-,-,1312.16,1396.22,1346.84,-,-,3380.97,3413.74,3505.61,-,-
Barito Selatan,500.77,498.7,520.56,-,-,124.85,129.1,146.28,-,-,602.19,618.06,633.16,-,-,1227.8,1245.85,1300,-,-
Barito Utara,1177.5,1176.42,1155.97,-,-,256.15,262.98,217.16,-,-,649.95,656.16,685.37,-,-,2083.55,2093.86,2058.5,-,-
Sukamara,304.82,335.34,311.77,-,-,279.77,283.32,278.93,-,-,289.88,299.25,333.61,-,-,874.47,917.92,924.31,-,-
Lamandau,405.18,428.38,421.89,-,-,308.92,335.29,337.79,-,-,351.71,370.78,376.53,-,-,1065.81,1134.45,1136.2,-,-
Seruyan,656,666.67,637.66,-,-,666.81,694.32,716.84,-,-,357.9,388.31,382.54,-,-,1680.71,1749.3,1737.04,-,-
Katingan,465.39,455.88,463.5,-,-,392.56,429.84,443.58,-,-,608.15,641.93,661.83,-,-,1466.09,1527.65,1568.91,-,-
Pulang Pisau,370.25,360.69,391.79,-,-,233.65,255.7,267.83,-,-,407.2,438.34,428.27,-,-,1011.1,1054.73,1087.9,-,-
Gunung Mas,444.47,449.23,447.17,-,-,211.14,216.56,260.29,-,-,423.12,439.31,437.43,-,-,1078.74,1105.1,1144.88,-,-
Barito Timur,867.83,885.85,904.3,-,-,188.34,199.43,230.71,-,-,432.32,446.98,455.7,-,-,1488.5,1532.25,1590.71,-,-
Murung Raya,1169.66,1132.93,1145.81,-,-,135.35,149.4,177.95,-,-,430.32,468.27,469.69,-,-,1735.33,1750.6,1793.45,-,-
Kota Palangka Raya,116.75,120.99,105.36,-,-,581.26,640.51,703.26,-,-,2623.46,2696.59,2698.35,-,-,3321.47,3458.09,3506.98,-,-
Tanah Laut,1252.53,1427.79,1660.31,-,-,573.76,588.38,604.86,-,-,1121.33,1161.55,1164.99,-,-,2947.62,3177.72,3430.16,-,-
Kota Baru,2028.64,2213.06,2270.85,-,-,1907.92,1943.25,2017.43,-,-,1156.83,1212.6,1206.26,-,-,5093.39,5368.92,5494.54,-,-
Banjar,996.63,1068.57,1550.17,-,-,561.01,589.24,599.05,-,-,1730.91,1799.19,1819.72,-,-,3288.55,3457,3968.94,-,-
Barito Kuala,318.82,318.38,935.44,-,-,479.9,505.8,532.96,-,-,749.55,770.17,775.47,-,-,1548.26,1594.34,2243.87,-,-
Tapin,823,1187.73,1114.64,-,-,210.72,221.92,232.76,-,-,689.79,725.74,729.02,-,-,1723.51,2135.39,2076.42,-,-
Hulu Sungai Selatan,454.88,611.85,555.23,-,-,211.95,236.4,245.77,-,-,657.15,691.62,680.47,-,-,1323.98,1539.87,1481.47,-,-
Hulu Sungai Tengah,366.3,544.94,314.81,-,-,312.65,333.12,340.58,-,-,760.82,798.3,789.38,-,-,1439.77,1676.36,1444.78,-,-
Hulu Sungai Utara,132.79,140.03,193.66,-,-,196.41,203.55,206.92,-,-,623.03,646.48,659.68,-,-,952.22,990.07,1060.26,-,-
Tabalong,2426.41,2675.74,2611.31,-,-,601.17,624.11,649.8,-,-,1268.86,1313.94,1342.23,-,-,4296.44,4613.78,4603.34,-,-
Tanah Bumbu,2481.02,2669.99,2570.86,-,-,751.45,773.89,755.46,-,-,1427.52,1549.06,1519.67,-,-,4660,4992.95,4845.99,-,-
Balangan,1916.1,2326.12,2240.58,-,-,147.67,155.59,166.01,-,-,478.92,498.07,500.31,-,-,2542.68,2979.79,2906.9,-,-
Kota Banjarmasin,152.68,160.88,164.23,-,-,1783.8,1907.43,1985.03,-,-,4737.54,4904.24,5023.46,-,-,6674.02,6972.54,7172.73,-,-
Kota Banjar Baru,86.97,89.23,104.59,-,-,423.01,478.11,486.9,-,-,1452.48,1502.29,1500.28,-,-,1962.46,2069.62,2091.76,-,-
Paser,7943.21,7644.42,8350.19,-,-,726.06,755.48,852.95,-,-,1079.4,1112.65,1139.06,-,-,9748.67,9512.56,10342.2,-,-
Kutai Barat,4309.34,4275.47,4501.34,-,-,968.68,1009.65,1021.14,-,-,1268.8,1367.69,1370.81,-,-,6546.82,6652.81,6893.3,-,-
Kutai Kartanegara,27671.61,28228.08,27997.29,-,-,4220.78,4264.18,4356.5,-,-,4088.17,4241.38,4319.05,-,-,35980.56,36733.64,36672.85,-,-
Kutai Timur,25124.72,25329.62,25353.84,-,-,1647.68,1809.16,1649.34,-,-,1912.06,1997.8,1977.27,-,-,28684.46,29136.58,28980.45,-,-
Berau,5707.44,5887.75,6129.08,-,-,659.58,682.87,685.57,-,-,1852.99,1915.74,1949.9,-,-,8220.01,8486.36,8764.55,-,-
Penajam Paser Utara,837.88,848.58,831.66,-,-,1871.98,1916.99,1977.02,-,-,517.74,544.81,550.39,-,-,3227.6,3310.39,3359.07,-,-
Mahakam Ulu,390.77,394.27,395.36,-,-,40.78,43.13,47.04,-,-,60.49,63.45,61.69,-,-,492.04,500.85,504.09,-,-
Kota Balikpapan,215.62,219.69,215.32,-,-,17841.35,18537.11,18981.18,-,-,8400.7,8528.12,8398.3,-,-,26457.66,27284.92,27594.8,-,-
Kota Samarinda,1861.58,1878.18,1890.46,-,-,4068.66,4188.62,4380.56,-,-,8942.57,9208.62,9232.55,-,-,14872.81,15275.43,15503.57,-,-
Kota Bontang,169.61,165.43,167.56,-,-,8926.05,9379.46,9102.24,-,-,1454.15,1478.48,1494.46,-,-,10549.81,11023.37,10764.25,-,-
Malinau,1432.19,1438.74,1455.03,-,-,408.35,458.42,480.63,-,-,462.39,472.14,475.93,-,-,2302.92,2369.31,2411.59,-,-
Bulungan,1461,1412.61,1461.81,-,-,836.99,982.48,1016.72,-,-,1139.97,1162.25,1185.84,-,-,3437.97,3557.34,3664.37,-,-
Tana Tidung,660.08,678.89,664.54,-,-,219.91,237.38,247.92,-,-,212.27,203.29,223.4,-,-,1092.26,1119.56,1135.86,-,-
Nunukan,3080.6,3098.52,3188.93,-,-,716.9,746.07,784.5,-,-,871.29,916.26,925.48,-,-,4668.79,4760.85,4898.9,-,-
Kota Tarakan,1083.78,1094.42,1100.25,-,-,1754.9,1779.14,1813.72,-,-,4039.26,4183.67,4250.89,-,-,6877.94,7057.23,7164.86,-,-
Bolaang Mongondow,803.45,866.81,853.51,-,-,298.74,310.72,366.42,-,-,546.59,583.47,563.59,-,-,1648.79,1761,1783.52,-,-
Minahasa,1128.94,1194.38,1220,-,-,772.61,813.14,894.96,-,-,1619.71,1707.47,1646.86,-,-,3521.26,3714.99,3761.81,-,-
Kepulauan Sangihe,311.06,337.14,338.29,-,-,121.05,126.73,147.89,-,-,491.3,522.23,504.54,-,-,923.41,986.11,990.72,-,-
Kepulauan Talaud,205.88,227.2,227.01,-,-,62.34,65.53,76.79,-,-,204.66,218.05,207.37,-,-,472.87,510.78,511.17,-,-
Minahasa Selatan,754.74,794.77,815.51,-,-,493.63,518.68,561.31,-,-,597.97,636.1,603.59,-,-,1846.34,1949.55,1980.42,-,-
Minahasa Utara,1054.95,1102.41,1142.19,-,-,774.61,819.58,889.32,-,-,993.54,1034.15,1000.15,-,-,2823.09,2956.14,3031.66,-,-
Bolaang Mongondow Utara,276.33,291.63,299.57,-,-,90.7,97.27,110.9,-,-,135.23,142.94,137.72,-,-,502.25,531.84,548.19,-,-
Siau Tagulandang Biaro,186.07,196.39,201.38,-,-,45.44,46.91,55.96,-,-,251.19,260.18,253.99,-,-,482.7,503.47,511.32,-,-
Minahasa Tenggara,417.61,449.37,449.92,-,-,267.95,272.43,307.11,-,-,396.52,420.57,398.86,-,-,1082.08,1142.37,1155.9,-,-
Bolaang Mongondow Selatan,176.46,185.83,185.96,-,-,53.13,60.22,70.86,-,-,166.81,178.82,172.33,-,-,396.39,424.87,429.14,-,-
Bolaang Mongondow Timur,333.24,353.71,363.08,-,-,55.61,57.03,67.73,-,-,174.83,181.16,167.17,-,-,563.68,591.91,597.98,-,-
Kota Manado,137.37,139.9,140.35,-,-,1106.8,1153.04,1292.56,-,-,6293.03,6740.24,6697.44,-,-,7537.2,8033.18,8130.34,-,-
Kota Bitung,549.48,529.25,548.18,-,-,1675.6,1749.46,1745.5,-,-,1280.43,1373.43,1379.74,-,-,3505.51,3652.14,3673.41,-,-
Kota Tomohon,216.31,224.49,231.18,-,-,237.03,253.07,279.31,-,-,462.82,493.86,480.75,-,-,916.16,971.42,991.23,-,-
Kota Kotamobagu,67.94,74.19,77.4,-,-,118.14,126.94,147.23,-,-,530.68,559.45,541.88,-,-,716.76,760.59,766.5,-,-
Banggai Kepulauan,369.9,385.34,382.49,-,-,35.55,37.22,36.33,-,-,371.14,384.95,384.52,-,-,776.59,807.51,803.33,-,-
Banggai,2836.15,2793.57,2888.36,-,-,1442.5,1535.35,1535.62,-,-,1110.83,1142.37,1135.88,-,-,5389.48,5471.3,5559.86,-,-
Morowali,4695.91,4835.46,5365.99,-,-,18288.79,20412.55,22718.73,-,-,692.64,709.95,715.77,-,-,23677.34,25957.97,28800.49,-,-
Poso,729.61,769.57,738.74,-,-,196.09,198.45,200.53,-,-,906.06,947.67,941.25,-,-,1831.76,1915.7,1880.52,-,-
Donggala,1326.37,1424.84,1404.64,-,-,352.85,383.85,347.31,-,-,715.9,779.26,768.32,-,-,2395.12,2587.95,2520.28,-,-
Toli-Toli,694.07,715.41,703.93,-,-,212.11,214.16,220.39,-,-,707.24,743.35,728.68,-,-,1613.41,1672.92,1653.01,-,-
Buol,593.51,600.55,565.58,-,-,243.23,253.32,249.35,-,-,303.96,322.6,312.56,-,-,1140.7,1176.47,1127.49,-,-
Parigi Moutong,1622.81,1640.91,1584.91,-,-,466.91,483.78,474.16,-,-,1198.83,1238.12,1229.43,-,-,3288.56,3362.81,3288.49,-,-
Tojo Una-Una,405.42,443.53,448.24,-,-,150.53,156.93,167.57,-,-,500.56,520.23,512.17,-,-,1056.51,1120.69,1127.97,-,-
Sigi,883.09,883.51,875.57,-,-,247.82,251.35,263.19,-,-,671.53,707.78,702.36,-,-,1802.44,1842.64,1841.12,-,-
Banggai Laut,264.63,271.67,273.85,-,-,22.83,23.52,22.37,-,-,184.74,192.11,192.04,-,-,472.2,487.29,488.26,-,-
Morowali Utara,2484.52,2516.84,2711.94,-,-,2058.98,2181.65,2363.66,-,-,439.97,462.39,459.64,-,-,4983.47,5160.87,5535.24,-,-
Kota Palu,534.25,546.73,622.58,-,-,1048.65,1086.1,1072.12,-,-,3057.1,3282.07,3134.16,-,-,4640.01,4914.89,4828.86,-,-
Kepulauan Selayar,429.81,462.49,501.23,-,-,200.18,243.74,244.77,-,-,372.35,422.06,411.01,-,-,1002.34,1128.29,1157.01,-,-
Bulukumba,938.02,1040.11,1066.81,-,-,414.84,436.13,485.41,-,-,1120.67,1216.06,1275.33,-,-,2473.53,2692.3,2827.55,-,-
Bantaeng,482.46,537.38,547.42,-,-,579.45,618.62,586.88,-,-,833.77,841.58,875.18,-,-,1895.68,1997.59,2009.48,-,-
Jeneponto,806.09,1078.38,924.38,-,-,270.27,313,345.58,-,-,802.73,932.73,1085.21,-,-,1879.08,2324.11,2355.16,-,-
Takalar,984.88,988.16,1039.46,-,-,217.11,232.55,253.37,-,-,756.3,796.89,820.53,-,-,1958.29,2017.59,2113.37,-,-
Gowa,1199.43,1552.43,1469.09,-,-,788.8,792.83,798.84,-,-,2334.42,2503.42,2578.94,-,-,4322.65,4848.67,4846.86,-,-
Sinjai,969.1,1098.06,1178.04,-,-,262.83,287.51,314.85,-,-,939.83,1001.97,1023.44,-,-,2171.77,2387.54,2516.33,-,-
Maros,1052.13,1200.76,1251.5,-,-,899.39,898.18,1031.66,-,-,1563.48,1676.49,1678.69,-,-,3515,3775.43,3961.85,-,-
Pangkajene dan Kepulauan,1493.72,1613.34,1550.5,-,-,2505.22,2580.73,2635.66,-,-,1107.29,1164.37,1173.14,-,-,5106.23,5358.45,5359.3,-,-
Barru,547.61,633.17,614.99,-,-,277.23,286.98,332.46,-,-,591.74,628.25,638.96,-,-,1416.58,1548.4,1586.4,-,-
Bone,3700.35,3801.97,4029.16,-,-,1048.51,1173.58,1208.2,-,-,2191,2330.55,2416,-,-,6939.86,7306.1,7653.35,-,-
Soppeng,624.3,605.83,750.16,-,-,469.04,536.08,603.03,-,-,1028.15,1062.99,1105.12,-,-,2121.49,2204.9,2458.31,-,-
Wajo,1848.37,1654.34,1918.59,-,-,418.82,526.78,514.94,-,-,1545.77,1580.85,1704.01,-,-,3812.96,3761.98,4137.54,-,-
Sidenreng Rappang,914.15,857,986.36,-,-,737.05,809.35,781.93,-,-,931.88,1035.37,1019.15,-,-,2583.08,2701.72,2787.44,-,-
Pinrang,1433.64,2108.88,1674.52,-,-,525.02,639.46,667.86,-,-,1531.96,1599.3,1582.61,-,-,3490.61,4347.63,3924.99,-,-
Enrekang,570.47,584.44,589.81,-,-,276.73,301.43,322.69,-,-,488.29,524.35,514.08,-,-,1335.48,1410.23,1426.57,-,-
Luwu,1506.25,1634.36,1701.15,-,-,436.1,474.83,517.86,-,-,1152.85,1225.61,1290.77,-,-,3095.2,3334.81,3509.77,-,-
Tana Toraja,319.76,285.01,349.18,-,-,235.01,245.66,284.08,-,-,783.07,829.26,867.79,-,-,1337.83,1359.93,1501.05,-,-
Luwu Utara,1147.63,1286.11,1352.5,-,-,358.43,418.01,434.49,-,-,913.61,939.25,959.72,-,-,2419.67,2643.37,2746.7,-,-
Luwu Timur,3065.28,3458.93,3579.09,-,-,575.24,555.24,619.54,-,-,747.01,811.74,812.81,-,-,4387.52,4825.9,5011.43,-,-
Toraja Utara,264.88,248.34,275.39,-,-,284.7,326.53,330.31,-,-,963.37,1015.33,1051.2,-,-,1512.96,1590.2,1656.9,-,-
Kota Makasar,144.11,156.28,157.18,-,-,11613.65,12801.77,13404.39,-,-,24443.11,25882.71,26378.03,-,-,36200.88,38840.77,39939.6,-,-
Kota Parepare,98.52,101.81,102.17,-,-,213.63,243.84,252.6,-,-,1101.47,1203.54,1257.48,-,-,1413.61,1549.19,1612.24,-,-
Kota Palopo,233.44,268.64,265.48,-,-,221.89,262.14,325.54,-,-,1134.97,1189.42,1211.84,-,-,1590.3,1720.19,1802.87,-,-
Buton,422.96,428.42,436.51,-,-,62.99,67.6,75.48,-,-,297.66,305.65,324.58,-,-,783.61,801.67,836.57,-,-
Muna,519.44,529.07,523.88,-,-,212.82,233.29,270.98,-,-,728.66,739.86,765.42,-,-,1460.92,1502.22,1560.28,-,-
Konawe,701.1,750.96,667.58,-,-,2025.74,1976.22,2186.36,-,-,673.08,681.42,696.7,-,-,3399.93,3408.59,3550.64,-,-
Kolaka,3539.89,3644.59,3686.45,-,-,721.49,828.05,965.3,-,-,1169.6,1212.58,1210.69,-,-,5430.98,5685.23,5862.44,-,-
Konawe Selatan,1277.32,1347.36,1369.77,-,-,258.23,272.98,336.73,-,-,973.11,990.82,1005.69,-,-,2508.66,2611.17,2712.19,-,-
Bombana,804.41,836.69,858.71,-,-,183.26,168.05,229.29,-,-,390.91,390.47,408.42,-,-,1378.58,1395.21,1496.42,-,-
Wakatobi,375.56,373.46,375.49,-,-,153.68,159.64,208.12,-,-,368.85,391.36,401.09,-,-,898.09,924.46,984.7,-,-
Kolaka Utara,1078.54,1185.77,1198.66,-,-,242.64,257.43,310.93,-,-,456.8,451.57,482.71,-,-,1777.98,1894.77,1992.3,-,-
Buton Utara,296.79,303.64,295.43,-,-,114.81,118.6,141.21,-,-,236.71,240.81,247.83,-,-,648.3,663.04,684.47,-,-
Konawe Utara,542.01,551.45,550.83,-,-,98.17,106.49,126.47,-,-,218.01,218.6,218.23,-,-,858.19,876.54,895.53,-,-
Kolaka Timur,462.23,490.24,468.93,-,-,117.02,122.04,151.03,-,-,340.17,344.54,354.8,-,-,919.41,956.82,974.75,-,-
Konawe Kepulauan,197.04,214.25,217.07,-,-,22.89,23.77,24.06,-,-,81.96,83.07,84.28,-,-,301.88,321.09,325.41,-,-
Muna Barat,251.93,254.06,267.98,-,-,107.11,114.91,128.84,-,-,169.76,178.63,180.08,-,-,528.79,547.6,576.9,-,-
Buton Tengah,212.46,233.93,230.01,-,-,89.14,91.08,105.85,-,-,180.53,187.35,191.1,-,-,482.14,512.36,526.97,-,-
Buton Selatan,358.7,354.23,343.42,-,-,85.84,88.78,106.83,-,-,145.93,151.67,153.97,-,-,590.47,594.68,604.22,-,-
Kota Kendari,646.47,656.3,605.43,-,-,982.13,1122.61,1234.47,-,-,3157.8,3169.36,3317.8,-,-,4786.4,4948.27,5157.7,-,-
Kota Baubau,317.69,323.12,337.78,-,-,366.92,385.35,447.38,-,-,1175.2,1248.62,1300.75,-,-,1859.8,1957.08,2085.91,-,-
Boalemo,517.06,501.69,554.9,-,-,81.58,81.79,89.84,-,-,408.77,430.1,419.49,-,-,1007.41,1013.58,1064.23,-,-
Gorontalo,1069.28,1038.63,1122.82,-,-,482.69,524.89,501.52,-,-,1089,1117.93,1121.4,-,-,2640.97,2681.44,2745.74,-,-
Pohuwato,751.06,808.68,810.07,-,-,153.99,149.89,209.87,-,-,453.36,460.44,455.29,-,-,1358.4,1419.01,1475.23,-,-
Bone Bolango,314.15,313.18,331.35,-,-,160.34,160.7,184.07,-,-,445.78,467.27,460.31,-,-,920.27,941.15,975.73,-,-
Gorontalo Utara,350.44,351.26,362.02,-,-,78.47,78.61,94.37,-,-,250.04,262.58,262.15,-,-,678.95,692.44,718.54,-,-
Kota Gorontalo,84.82,91.05,80.74,-,-,332.98,350.18,366.34,-,-,1421.44,1458.77,1465.87,-,-,1839.24,1900,1912.95,-,-
Majene,379.77,411.35,415.65,-,-,125.87,145.12,139.94,-,-,503.5,494.61,502.95,-,-,1008.95,1051.08,1059.31,-,-
Polewali Mandar,1133.29,1133.95,1203.98,-,-,343.64,368.44,386.86,-,-,1242.26,1237.85,1258.89,-,-,2719.19,2740.24,2849.73,-,-
Mamasa,236.47,246.75,230.51,-,-,69.4,80.88,97.22,-,-,301.9,297.23,310.27,-,-,607.78,624.87,638,-,-
Mamuju,864.91,925.51,940.83,-,-,279.08,343.95,373.87,-,-,1211.6,1193.88,1226.73,-,-,2355.6,2463.33,2541.43,-,-
Mamuju Utara,805.04,961.33,939.43,-,-,781.58,883.62,844.58,-,-,419.86,428.38,429.69,-,-,2006.49,2273.33,2213.71,-,-
Mamuju Tengah,426.26,472.43,467.53,-,-,72.58,81.81,80.12,-,-,113.72,115.98,114.59,-,-,612.57,670.22,662.24,-,-
Maluku Tenggara Barat,117.44,116.65,119.27,-,-,86.59,96.28,96.98,-,-,305.21,310.04,315.37,-,-,509.24,522.96,531.62,-,-
Maluku Tenggara,196.06,191.16,202.48,-,-,68.16,75.01,76.89,-,-,335.52,343.77,346.3,-,-,599.74,609.94,625.67,-,-
Maluku Tengah,441.8,430.33,456.42,-,-,324.14,344.43,351.05,-,-,1002.09,1025.63,1037.68,-,-,1768.03,1800.39,1845.15,-,-
Buru,160.24,159.14,169.28,-,-,87.85,93.19,93.83,-,-,215.73,222.38,223.09,-,-,463.83,474.71,486.2,-,-
Kepulauan Aru,413.59,402.61,430.19,-,-,61.51,69.78,72.13,-,-,210.82,215.73,219.59,-,-,685.92,688.12,721.92,-,-
Seram Bagian Barat,224.87,217.49,240.87,-,-,92.36,94.81,103.02,-,-,283.3,288.79,290.21,-,-,600.53,601.09,634.09,-,-
Seram Bagian Timur,290.06,289.01,301.62,-,-,44.34,48.44,50.93,-,-,219.45,225.18,225.81,-,-,553.85,562.62,578.36,-,-
Maluku Barat Daya,144.5,144.44,179.29,-,-,186.62,107.07,204.09,-,-,138.74,141.46,140.76,-,-,469.86,392.96,524.14,-,-
Buru Selatan,107.66,105.61,112.41,-,-,29.98,31.89,32.66,-,-,132.49,135.55,136.93,-,-,270.13,273.05,282,-,-
Kota Ambon,145.38,140.56,143.12,-,-,279.4,299.08,305.77,-,-,2698.24,2745.59,2805.36,-,-,3123.01,3185.23,3254.24,-,-
Kota Tual,177.98,179.18,187.27,-,-,44.41,46.79,48.84,-,-,232.61,239.08,243.45,-,-,455,465.06,479.57,-,-
Halmahera Barat,162.35,162.68,165.3,-,-,42.1,42.4,43.39,-,-,233.2,241.81,240.09,-,-,437.64,446.89,448.78,-,-
Halmahera Tengah,2152.5,1999.19,1999.22,-,-,3865.26,4289.64,4630.86,-,-,259.75,269.18,243.82,-,-,6277.51,6558.01,6873.91,-,-
Kepulauan Sula,186.56,187.8,194.15,-,-,80.99,84.17,84.44,-,-,214.17,223.02,211.6,-,-,481.72,494.98,490.2,-,-
Halmahera Selatan,1243.66,1182.82,1284.22,-,-,2400.65,2468.3,2585.77,-,-,504.74,511.66,515.72,-,-,4149.05,4162.78,4385.7,-,-
Halmahera Utara,451.66,457.23,486.55,-,-,110.18,110.73,112.95,-,-,432.76,437,441.32,-,-,994.6,1004.95,1040.81,-,-
Halmahera Timur,580.34,1027.04,1002.05,-,-,80.17,81.31,83.01,-,-,253.05,249.62,252.04,-,-,913.55,1357.97,1337.1,-,-
Pulau Morotai,135.39,138.61,142.9,-,-,38.41,36.96,40.8,-,-,129.44,133.42,134.19,-,-,303.23,308.99,317.89,-,-
Pulau Taliabu,215.89,212.95,221.07,-,-,14.84,14.72,14.96,-,-,91.29,93.28,94.48,-,-,322.02,320.95,330.51,-,-
Kota Ternate,77.15,79.21,79.28,-,-,192.67,201.3,195.28,-,-,2035.02,2068.99,2017.09,-,-,2304.83,2349.5,2291.65,-,-
Kota Tidore Kepulauan,130.62,133.18,132.89,-,-,51.6,52.38,53.19,-,-,396.36,409.78,392.46,-,-,578.57,595.34,578.55,-,-
Fakfak,166,166.79,170.48,-,-,249.17,268.96,269.48,-,-,506.87,505.44,513.27,-,-,922.03,941.19,953.23,-,-
Kaimana,126.37,124.62,126.59,-,-,92,108.89,121.14,-,-,217.68,220.41,226.41,-,-,436.05,453.92,474.14,-,-
Teluk Wondama,78.82,79.56,80.02,-,-,48.67,50.48,56.79,-,-,136.98,146.54,139.9,-,-,264.48,276.58,276.71,-,-
Teluk Bintuni,3385.18,3359.52,3357.79,-,-,5797.16,5665.53,5758.34,-,-,239.03,240.91,242.56,-,-,9421.37,9265.95,9358.69,-,-
Manokwari,293.81,294.87,299.5,-,-,326.31,333.15,337.34,-,-,1170.39,1176.31,1185.83,-,-,1790.51,1804.34,1822.67,-,-
Manokwari Selatan,96.57,97.35,96.68,-,-,6.95,7.04,7.17,-,-,63.73,64.24,65.03,-,-,167.26,168.63,168.88,-,-
Pegunungan Arfak,10.45,10.46,10.43,-,-,13.37,13.38,13.79,-,-,33.22,33.25,33.36,-,-,57.03,57.09,57.58,-,-
Raja Ampat,514.73,495.63,467.4,-,-,73.23,72.41,75.75,-,-,167.69,166.8,163.44,-,-,755.65,734.84,706.58,-,-
Sorong,671.05,684.9,687.48,-,-,1421.69,1414.35,1422.1,-,-,362.79,371.26,369.02,-,-,2455.54,2470.5,2478.59,-,-
Sorong Selatan,98.06,98.72,99.99,-,-,92.43,94.15,97.46,-,-,178.28,182.5,188.75,-,-,368.77,375.38,386.2,-,-
Maybrat,36.07,36.73,37.3,-,-,19.37,19.86,20.42,-,-,74.02,76,75.16,-,-,129.46,132.6,132.89,-,-
Tambrauw,13.64,13.63,13.73,-,-,8.9,8.96,9.01,-,-,23.23,23.43,23.47,-,-,45.77,46.02,46.2,-,-
Kota Sorong,291,292.06,288.13,-,-,551.32,528.47,556,-,-,1825.64,1864.31,1878.51,-,-,2667.95,2684.84,2722.63,-,-
Jayapura,591.38,612.97,623.13,-,-,527.56,527.36,553.14,-,-,1715.98,1741.64,1768.77,-,-,2834.92,2881.97,2945.04,-,-
Kepulauan Yapen,183.46,189.16,190.44,-,-,86.78,86.59,89.27,-,-,535.05,552.19,553.95,-,-,805.29,827.95,833.66,-,-
Biak Numfor,239.56,243.59,242.45,-,-,91.2,91.26,92.32,-,-,605.33,618.53,621.82,-,-,936.09,953.38,956.59,-,-
Sarmi,152.74,155.79,156.97,-,-,111.76,110.94,114.01,-,-,256.63,261.36,261.63,-,-,521.13,528.09,532.61,-,-
Keerom,178.48,183.05,188.43,-,-,183.72,182.31,184.37,-,-,202.04,203.84,203.63,-,-,564.23,569.2,576.43,-,-
Waropen,111.68,116.79,119.44,-,-,118.8,118.82,121.39,-,-,167.94,169.71,172.78,-,-,398.42,405.31,413.62,-,-
Supiori,60.86,61.02,63.72,-,-,64.03,65.92,66.39,-,-,87.3,89.75,90,-,-,212.19,216.7,220.11,-,-
Mamberamo Raya,61.85,62.37,65,-,-,62.12,62.06,63.35,-,-,162.81,167.89,167.63,-,-,286.79,292.33,295.97,-,-
Kota Jayapura,384.87,396.34,397.29,-,-,1382.69,1383.08,1438.21,-,-,4742.06,4850.53,4911.9,-,-,6509.61,6629.95,6747.4,-,-
Merauke,795.37,788.79,818.13,-,-,647.76,675.9,692.11,-,-,1570.87,1601.36,1621.89,-,-,3014,3066.04,3132.13,-,-
Boven Digoel,228.14,237.26,242.41,-,-,403.96,412.43,425.44,-,-,228.58,232.03,237.65,-,-,860.68,881.72,905.5,-,-
Mappi,113.45,116.26,117.61,-,-,175.76,179.31,183.42,-,-,234.95,241.15,238.65,-,-,524.15,536.72,539.69,-,-
Asmat,88.5,89.39,88.01,-,-,164.02,165.66,167.51,-,-,212.51,212.25,211.89,-,-,465.03,467.3,467.41,-,-
Mimika,14435.42,17334.94,15815.13,-,-,487.15,518.57,543.08,-,-,1769.28,1797.03,1813.47,-,-,16691.86,19650.54,18171.68,-,-
Dogiyai,73.67,73.62,76.18,-,-,25.92,26.36,27.31,-,-,135.62,138.98,139.46,-,-,235.21,238.96,242.95,-,-
Deiyai,53.24,53.23,53.92,-,-,72.92,73.44,76.01,-,-,102.02,104.44,105.72,-,-,228.18,231.12,235.65,-,-
Nabire,772.51,785.97,800.24,-,-,337.22,350.44,362.43,-,-,977.65,1014.49,1030.81,-,-,2087.38,2150.89,2193.49,-,-
Paniai,413.64,411.45,411.34,-,-,233.98,239.08,248.31,-,-,191.79,197.08,198.56,-,-,839.41,847.62,858.22,-,-
Intan Jaya,49.41,49.47,50.01,-,-,72.15,72.58,74.03,-,-,83.92,86.06,86.61,-,-,205.48,208.11,210.65,-,-
Puncak,43.99,43.84,45.1,-,-,61.31,65.35,67.55,-,-,116.33,118.49,118.17,-,-,221.64,227.68,230.82,-,-
Puncak Jaya,70.25,71.35,71.47,-,-,76.89,79.79,82.67,-,-,115.88,118.84,122.75,-,-,263.02,269.99,276.89,-,-
Nduga,54.27,54.11,54.54,-,-,57.77,55.83,60.91,-,-,113.26,117.46,111.88,-,-,225.3,227.4,227.33,-,-
Jayawijaya,187.66,195.9,201.38,-,-,202.52,242.26,232.97,-,-,959.47,1011.87,1005.55,-,-,1349.66,1450.03,1439.89,-,-
Lanny Jaya,71.66,73.9,80.12,-,-,85.67,82.61,79.75,-,-,186.12,211.53,209.75,-,-,343.45,368.04,369.61,-,-
Tolikara,72.83,72.32,72.47,-,-,63.54,64.25,65.97,-,-,166.97,169.26,171.73,-,-,303.34,305.83,310.18,-,-
Mamberamo Tengah,36.95,38.13,39.97,-,-,57.44,51.87,52.14,-,-,122.59,124.22,127.63,-,-,216.98,214.21,219.74,-,-
Yalimo,56.55,56.88,57.29,-,-,47.93,46.09,45.97,-,-,123.72,125.36,130.82,-,-,228.19,228.34,234.08,-,-
Yahukimo,92.69,93.73,96.54,-,-,88.44,90.74,97.68,-,-,241.7,249.75,250.52,-,-,422.84,434.22,444.74,-,-
Pegunungan Bintang,84.18,84.61,86.87,-,-,121.89,123.7,126.47,-,-,197.43,199.8,195.76,-,-,403.5,408.11,409.1,-,-