Topic,Count,Name,Representation,Representative_Docs
-1,5316,-1_kerja_iya_negeri_nya,"['kerja', 'iya', 'negeri', 'nya', 'negri', 'banget', 'anak', 'negara', 'pindah', 'gaji']","['belajar yang pinter biar bisa pindah negara', 'saya juga mau pindah kesingapur gaji sudah dinaikin jadi jt', 'ini orng² kenapa yak wkwk di kira kali modal nya kecil kesana hahaha lucu bngt ngomong-ngomong ini abang di vt udh lama bngt di luar negeri dan diliat lihat seperti mampu buat hastag gitu ngapasi mau kabur tapi ga kabur kabur wkwk lucu ke ln butuh niat yang besar modal duit harus gede biar gak kepontang panting disana belajar bahasa pola pikir mindset diubah biar ga kelihatan sdm nya rendah wkwk siap mental apapun resiko kesana aduh seperti apa yah anjing saya lihat komen hastag gituan seperti sok bngt wkwkwk lucu sih diliat lihat komennya gaji besar disana jika kamu balik ke indo kalau kamu di tempat nya yah gaji kerasa kecilnya karena kenapa serba biaya mahal disana ibaratkan di indonesia saja mau di kasi mahal harganya tantrum kan kamu pada wkwk bagaimana mau ke ln kalau kamu pada baru di kasi harga mahal udh mau kabur saja']"
0,2605,0_nasionalis_dpr_hastag_rakyat,"['nasionalis', 'dpr', 'hastag', 'rakyat', 'anggota', 'iya', 'negara', 'duluan', 'pelopor', 'dibilang']","['katanya wakil rakyat rakyat bikin gerakan kaburajadulu itu dikatain ga nasionalis tapi waktu diajak diskusi sama rakyat kok mereka yang teriak ga nasionalis bahkan kabur duluan', 'hastag kaburajadulu dipermasalahin dibilanvlg gak nasionalis eh skrg bahkan nyuruh kabur gmn sih', 'yang pengen kaburajadulu kan rakyat tapi yang beneran kabur bahkan anggota dpr']"
1,1908,1_percaya_pemerintah_percaya pemerintah_rakyat,"['percaya', 'pemerintah', 'percaya pemerintah', 'rakyat', 'pemerintah percaya', 'rakyat percaya', 'korupsi', 'sm', 'masyarakat', 'percaya sm']","['sudah ga percaya sama pemerintah', 'saya ga percaya saya sudah di gaslight sama mantan saya sekarang saya di gaslight pemerintah', 'ga percaya tarot tapi lebih ga percaya pemerintah']"
2,1084,2_indonesia_indonesiagelap_gelap_cinta,"['indonesia', 'indonesiagelap', 'gelap', 'cinta', 'indonesian', 'gelap yuki', 'kato', 'yuki kato', 'yuki', 'indonesian gelap']","['ini indonesia booyyy bukan sgp', 'indonesia cemas', 'indonesia cemas kaburajadulu']"
3,869,3_kerja negeri_negeri_kerja_negeri kerja,"['kerja negeri', 'negeri', 'kerja', 'negeri kerja', 'pengen kerja', 'cari', 'cari kerja', 'pengen', 'negeri iya', 'remote']","['kerja luar negeri sudah ga ldr lagi', 'kerja di luar negeri', 'cara kerja ke luar negeri']"
4,451,4_jepang_bahasa_belajar_lpk,"['jepang', 'bahasa', 'belajar', 'lpk', 'belajar bahasa', 'japan', 'korea', 'magang', 'lulus', 'pindah']","['dan saya sudah kabur ke jepang', 'yoo kita ke jepang saja', 'jepang bosss']"
5,349,5_indo_kerja indo_indo kerja_kerja,"['indo', 'kerja indo', 'indo kerja', 'kerja', 'gaji', 'org', 'indo iya', 'indo susah', 'jt', 'negri']","['indo mulai berantakan', 'paling sebel ormasnya saya di indo tuh', 'ya sudah sih candain saja lagi di indo']"
6,326,6_nasionalisme_meragukan_nasionalis_bahlil,"['nasionalisme', 'meragukan', 'nasionalis', 'bahlil', 'korupsi', 'pejabat', 'jiwa', 'makan', 'kenyang', 'negara']","['nasionalisme gak bisa menunjang hidup kami pak', 'nasionalisme kita di remehin sama orang yang bahkan tidak punya rasa nasionalisme', 'puguh kabur itu nasionalisme']"
7,234,7_gaji_jt_gajinya_bercanda,"['gaji', 'jt', 'gajinya', 'bercanda', 'gaji jt', 'serius', 'umr', 'juta', 'gaji nya', 'gaji juta']","['saya di jakartaaa leader gudang gaji jutaaaaa', 'kamu mau harapin paan deh gaji', 'kerja capekk gaji bencandaa kaburajadulu']"
8,203,8_malaysia_singapore_malay_singapura,"['malaysia', 'singapore', 'malay', 'singapura', 'susanti', 'taiwan', 'ramai', 'kat', 'gaji', 'indo']","['ke malaysia', 'jangan jauh jauh padahal kaburajadulu mah malaysia', 'malaysia']"
9,192,9_duit_uang_cari uang_lulus,"['duit', 'uang', 'cari uang', 'lulus', 'cari', 'biaya', 'kaya', 'murah', 'pakai duit', 'pakai']","['punya duit dulu baru bisa kaburajadulu', 'kak mau juga kaburajadulu tapi gpunya duit', 'semoga nanti kalau aku kuliah bisa cari uang sendiri biar bisa kaburajadulu']"
10,168,10_negara_negara negara_country_negara maju,"['negara', 'negara negara', 'country', 'negara maju', 'this country', 'nya negara', 'tercinta', 'this', 'manapun', 'maju']","['negara apa ini', 'negara macam apa ini', 'belum pernah semuak ini sama negara sendiri']"
11,167,11_duit_dana_uang_duitnya,"['duit', 'dana', 'uang', 'duitnya', 'duit duit', 'dana talang', 'talang', 'duit nya', 'gapunya', 'gk']","['sian duit', 'berarti punya duit saja dulu', 'ga ada duit gabisakabur']"
12,159,12_meragukan_yok_minimal_ijasah,"['meragukan', 'yok', 'minimal', 'ijasah', 'bukannya', 'umr', 'fomo', 'segampang', 'komen', 'bilang']","['kami juga meragukan bapak kok', 'lah saya meragukan bapak', 'saya meragukan fungsi anda']"
13,158,13_kakak_saingan_ngomong_iri,"['kakak', 'saingan', 'ngomong', 'iri', 'bicara', 'pengecut', 'ngomong ngomong', 'maaf', 'cuti', 'banget']","['kakak ngelmr nya kmnsi', 'wadu gawat ngomong-ngomong ikut kakak', 'gmn caranya kakak harus banget iya bisa bahasa dsna ngomong-ngomong ada loker gk kakak buat habis lebaran']"
14,153,14_laki_abang_saudara_saudara laki,"['laki', 'abang', 'saudara', 'saudara laki', 'laki laki', 'adik', 'kakak', 'nyusul', 'males', 'uda']","['sudah kabur saudara laki-laki', 'sama saudara laki-laki', 'tosss dulu kita saudara laki-laki']"
15,135,15_trend_trend nya_ikutan trend_trendnya,"['trend', 'trend nya', 'ikutan trend', 'trendnya', 'ikutan', 'berakhir', 'selesai', 'hilang', 'bikin trend', 'join']","['nampaknya bisa di fikirkan buat ikut trend ini', 'trend bulanan', 'trend kabur saja dulu teruslah jadi trend sampai tahun']"
16,120,16_diakui_menteri negeri_internasional_menteri,"['diakui', 'menteri negeri', 'internasional', 'menteri', 'hingga', 'panggung', 'dunia', 'indonesia', 'kerja nyata', 'yes']","['yes fakta nkri makin bersinar di panggung internasional ini hasil kerja keras kita seluruh rakyat dari hubungan luar negeri hingga kerja nyata kerjasama negara amp rakyat tunjukkan indonesia mampu berperan besar di panggung internasional makin diakui diglobal', 'iya kenyataan nkri makin cemerlang di panggung internasional ini buah kerja keras kita seluruh rakyat dari hubungan luar negeri hingga kerja nyata sinergi pemerintah amp rakyat bukti indonesia mampu berperan besar di panggung internasional makin diakui diglobal', 'yes fakta nkri makin cemerlang di panggung internasional ini buah kerja keras kita semua dari hubungan luar negeri hingga kerja nyata kolaborasi negara amp warga bukti indonesia mampu berperan besar di arena dunia makin diakui diglobal']"
17,113,17_bahasa_bahasa asing_asing_belajar bahasa,"['bahasa', 'bahasa asing', 'asing', 'belajar bahasa', 'belajar', 'bahasanya', 'bahasa inggris', 'inggris', 'bahasa nya', 'duit']","['tidak bisa bahasa asing', 'g bisa bahasa asing', 'pengen tapi gak punya duit dan bloon untuk belajar bahasa asing']"
18,110,18_kocak_aamiin_bjirr_putra,"['kocak', 'aamiin', 'bjirr', 'putra', 'melbourne', 'tulisan', 'ngarep', 'banyakin', 'repost', 'samaa']","['ajak woy', 'in ajak akuu', 'banyakin repost']"
19,104,19_belajar bahasa_bahasa_kuliah_belajar,"['belajar bahasa', 'bahasa', 'kuliah', 'belajar', 'beasiswa', 'kewarganegaraan', 'lulus', 'pindah kewarganegaraan', 'visa', 'inggris']","['sedang belajar bahasa asing untuk kaburajadulu', 'plisss mau belajar bahasa inggris dulu baru kaburajadulu', 'buat kamu lagi belajar bahasa inggris baik buat kerjaan kaburajadulu lingkungan kantor banyak ekspatnya persiapan kuliah keluar negeri daftar beasiswa dan lain-lain bisa coba belajar dari podcast bbc english menit per video link di komentar please like bookmark dan rt']"
20,100,20_susah_susah kerja_kerja_kerjain,"['susah', 'susah kerja', 'kerja', 'kerjain', 'susah nya', 'kerja susah', 'masuk kerja', 'niat', 'kerjaan', 'pabrik']","['setuju banget makanya kalau emg mau bikin generasi kedepan gampang cari kerja persyaratan nya jangan di persulit pemerintah nya juga kadang diem saja tentang masalah ini dan bahkan banyak perusahaan yang lebih milih orang dalem atau kenalan yang boleh masuk kerja ke perusahaan nya', 'maslahanya kerja susah mau kerja apa v kesana kesini susah keluaran smp', 'makelar juga jadi penyebab susah nya masuk kerja']"
21,100,21_bangg_mantap_lagu_banggg,"['bangg', 'mantap', 'lagu', 'banggg', 'culik', 'lanjutkan', 'ikutt', 'nama', 'informasi', 'wih']","['bang ikut bangg', 'setuju bangg', 'mantap bangg']"
22,97,22_korea_selatan_ijasah_smp,"['korea', 'selatan', 'ijasah', 'smp', 'tunggu', 'pindah', 'sd', 'doain', 'pengen', 'sayang']","['saya kabur ke korea', 'deh lah bang kita mah mau ke korea saja', '𓇼 korea ga']"
23,94,23_dpr_kunjungan kerja_kunjungan_tunjangan,"['dpr', 'kunjungan kerja', 'kunjungan', 'tunjangan', 'anggota', 'dpr ri', 'ri', 'anggota dpr', 'prabowo', 'presiden prabowo']","['pada hari minggu presiden prabowo menyatakan pimpinan dpr akan mencabut beberapa kebijakan dpr termasuk besaran tunjangan anggota dpr dan pemberlakuan moratorium kunjungan kerja ke luar negeri', 'para pimpinan dpr menyampaikan akan dilakukan pencabutan beberapa kebijakan dpr ri termasuk besaran tunjangan anggota dpr dan juga moratorium kunjungan kerja ke luar negeri', 'kemudian para pimpinan dpr menyampaikan akan dilakukan pencabutan beberapa kebijakan dpr ri termasuk besaran tunjangan anggota dpr dan juga moratorium kunjungan kerja ke luar negeri ujar prabowo']"
24,94,24_semangat_usahakan_bahlil_ilmu,"['semangat', 'usahakan', 'bahlil', 'ilmu', 'hargai', 'tetangga', 'biar', 'bikin trend', 'mindset', 'wujudkan']","['lufa disyiram pak bahlil kita semakin ditantang semakin semangat loh', 'jadi coba perbaiki mindset kita kaburajadulu berarti kita siap untuk bersaing bukan hanya sekedar mencari uang tetapi ilmu ketika bersaing ilmu maka kita akan mendapat koneksi yang sangat luas hingga sampai sekarang itu masih menjadi mimpi saya berkarir diluar dengan ilmu', 'kasih kesempatan buat aku plsssss takut banget diphpin ih sudah berharap banget padahal ngomong-ngomong kamu semangat iya kakkkk kalau bisa kita kaburajadulu deh iya di indo makin makin gajelas sistemnya seperti mana najis']"
25,93,25_duit_uang_uang uang_duitnya,"['duit', 'uang', 'uang uang', 'duitnya', 'pengen', 'modal', 'trend nya', 'pengen ikutan', 'money', 'duit duit']","['pengen kabur juga tapi ga punya duit', 'tidak ada uang uang bang kita masih kecil', 'tidak ada uang uang']"
26,92,26_gas_gass_oke_gasss,"['gas', 'gass', 'oke', 'gasss', 'yok', 'menyusul', 'paket', 'habis lulus', 'tes', 'bljr']","['gas saja kak', 'gas hee pada kabur', 'gas kaburajadulu']"
27,91,27_umur_tua_usia_max,"['umur', 'tua', 'usia', 'max', 'batasan', 'muda', 'maksimal', 'pengalaman', 'th', 'jaman']","['iya untuk tua pun palingan sampai umur an', 'kak umur bisa ga', 'umur bisa']"
28,91,28_benar_benar banget_iya benar_iya iya,"['benar', 'benar banget', 'iya benar', 'iya iya', 'setuju', 'benar benar', 'bangettt', 'iya', 'benar iya', 'banget']","['benar banget', 'benar banget lagi', 'benar banget bang aku setuju banget']"
29,88,29_pindah_kbur_kaburnya_pengen,"['pindah', 'kbur', 'kaburnya', 'pengen', 'menyelamatkan', 'pengen keluar', 'buang', 'jugaaa', 'ajak', 'pilihan']","['sudah pindah belum bang', 'semua orang kalau bisa pindah kayaknya pindah deh', 'ujung²na pindah den']"
30,88,30_terima kasih_terima_kasih_semoga,"['terima kasih', 'terima', 'kasih', 'semoga', 'semoga lancar', 'bahagia', 'lancar', 'terimakasih', 'oke', 'seru']","['amiinn terima kasih kak', 'terima kasih kak', 'dapat terima kasih']"
31,84,31_sekolah_lulus_kuliah_lulus sekolah,"['sekolah', 'lulus', 'kuliah', 'lulus sekolah', 'tunggu', 'ijazah', 'lulus kuliah', 'lulusan', 'jurusan', 'bangg']","['tunggu akuu lulus sekolah iya', 'tunggu lulus sekolah inshaallah nanti nyusul kesanah', 'mau ikuttt tunggu in aku tahun lagi lulus sekolah lanjut ke sanaaaaaaa kabur yang jauhhhhhhhhhhhhh']"
32,80,32_jerman_german_ausbildung_eropa,"['jerman', 'german', 'ausbildung', 'eropa', 'bahasa', 'belajar bahasa', 'rusia', 'go to', 'kelas', 'swiss']","['awokwokwokwokwok kaburajadulu gak ini ke jerman', 'sini ke jerman', 'itu jerman ga sih']"
33,78,33_bismillah_semoga_tunggu_doain,"['bismillah', 'semoga', 'tunggu', 'doain', 'musim', 'insyaallah', 'tungguin', 'pengin', 'iya semoga', 'doain iya']","['bismillah di tahun', 'bismillah tahun depan ikut kabur saja dulu', 'bismillah semoga tahun ini bisa kaburajadulu']"
34,78,34_anak_emak_anakku_ibu,"['anak', 'emak', 'anakku', 'ibu', 'aamiin', 'bawa anak', 'bawa', 'cewek', 'budak', 'mama']","['iya kenapa pada punya anak dong', '𐙚 anak sekecil kami ga bakal bisa', 'anak sekecil kami ga bakal bisa']"
35,76,35_allah_iya allah_doa_bismillah iya,"['allah', 'iya allah', 'doa', 'bismillah iya', 'bismillah', 'allah pengen', 'iya', 'tuhan', 'nyusul', 'healing']","['iya allah mau juga', 'iya allah', 'mau juga iya allah']"
36,73,36_inggris_bahasa inggris_bahasa_english,"['inggris', 'bahasa inggris', 'bahasa', 'english', 'london', 'lancar bahasa', 'lancar', 'bhs', 'belajar bahasa', 'belajar']","['pengen kabur tapi gak bisa bahasa inggris', 'yang bahasa inggris nya kureng bagaimana dong', 'bahasa inggris saya kayaknya harus improve lebih deh']"
37,71,37_hashtag_tagar_viral_pakai hashtag,"['hashtag', 'tagar', 'viral', 'pakai hashtag', 'pakai', 'kakk', 'ramai', 'twitter', 'dewan', 'isi']","['hakimnya ikutan hashtag kaburajadulu', 'hashtag kaburajadulu harus naik lagi', 'wujud hashtag kaburajadulu']"
38,70,38_tunggu_one day_day_one,"['tunggu', 'one day', 'day', 'one', 'soon', 'allah', 'me', 'iya allah', 'tungguin', 'tunggu lulus']","['one day iya allah', 'one day', 'one day deh']"
39,69,39_anjing_banget anjing_iya anjing_pengecut,"['anjing', 'banget anjing', 'iya anjing', 'pengecut', 'dpr', 'buang', 'banget', 'beneran', 'giliran', 'rakyat']","['anjing ada di sini anda', 'anjing bahkan kaburajadulu', 'lah anjing kan masih tahun depan sekarang tinggal kaburajadulu']"
40,67,40_kemitraan_perkuat_global_desa,"['kemitraan', 'perkuat', 'global', 'desa', 'teknologi', 'kelebihan', 'terbaru', 'wilayah', 'top', 'tumbuh']","['terbaik setiap orang bisa dapat kelebihan dari kemitraan luar negeri kesempatan kerja bertambah teknologi canggih masuk wilayah pedesaan maju mari support perkuat kemitraan global', 'top setiap orang bisa raih kelebihan dari kemitraan luar negeri kesempatan kerja meningkat inovasi terbaru datang wilayah pedesaan tumbuh mari dukung perkuat kemitraan global', 'top kita semua bisa raih keuntungan dari kemitraan luar negeri lapangan kerja bertambah teknologi mutakhir masuk desa desa tumbuh ayo support perkuat kemitraan global']"
41,66,41_thailand_thai_market_way jalan,"['thailand', 'thai', 'market', 'way jalan', 'on way', 'way', 'on', 'pls', 'bjir', 'jalan']","['sini abang ikut saya ke thailand tapi penerbangan nya ke kamboja dulu', 'sekalian kaburajadulu ke thailand ga kak rei', 'kaburajadulu tapi gak ke thailand juga']"
42,65,42_kaya_kaya kaya_kaya gini_saingan,"['kaya', 'kaya kaya', 'kaya gini', 'saingan', 'kaya raya', 'kekayaan', 'raya', 'anak smp', 'gini', 'krja']","['bpak kamu saja yang kaya', 'siap orang kaya', 'renaa kita harus kaya ginii']"
43,60,43_way jalan_on way_way_on,"['way jalan', 'on way', 'way', 'on', 'jalan', 'lulus', 'jepang', 'lulus kuliah', 'lulus smk', 'lulus sekolah']","['dagoan on the way, sedang di jalan kadinya', 'on the way, sedang di jalan kak', 'on the way, sedang di jalan kaburajadulu kalau gitu']"
44,58,44_ajak_pls_biarin_kaburrr,"['ajak', 'pls', 'biarin', 'kaburrr', 'bawa', 'plss', 'yaa', 'bangett', 'kakak', 'bngt']","['ajak aku dong kak', 'tolong ajak aku', 'ajak aku kabur dongszzz']"
45,57,45_pelan_pelan pelan_bnget_menyala,"['pelan', 'pelan pelan', 'bnget', 'menyala', 'ikutt', 'bertahan', 'mantap', 'banh', 'pas an', 'rebahan']","['pengn bnget lagii', 'pelan pelan bang', 'pelan pelan mang']"
46,57,46_keluarga_bawa_menyerah_kesana,"['keluarga', 'bawa', 'menyerah', 'kesana', 'keluarganya', 'ibu', 'bareng keluarga', 'ijin', 'mauu', 'iya kakak']","['bukan soal balik tapi kenangan bersama keluarga', 'kamu saja sama keluarga kamu', 'tapi keluarga']"
47,56,47_ajakin_ajak_seandainya_story,"['ajakin', 'ajak', 'seandainya', 'story', 'belanda', 'please', 'bhs', 'taiwan', 'pengen', 'mengejar']","['bercula siapapun ajakin saya kabur', 'ajakin aku lur aku mau ikut kabur', 'ajakin aku kabur dong']"
48,55,48_modal negeri_perkuat_kemitraan_global,"['modal negeri', 'perkuat', 'kemitraan', 'global', 'modal', 'sungguh', 'tanah air', 'melonjak', 'air', 'proyek']","['betul mantap sungguh lihat modal luar negeri datang tanah air inisiatif besar lapangan kerja meningkat keuangan negara melonjak saya pasti dukung sepenuhnya perkuat kemitraan global', 'betul keren sungguh amati modal luar negeri datang tanah air proyek besar lapangan kerja bertambah keuangan negara melonjak saya pasti dukung sepenuhnya perkuat kemitraan global', 'betul hebat sungguh lihat modal luar negeri merambah tanah air proyek besar lapangan kerja bertambah ekonomi melonjak saya sih sangat mendukung perkuat kemitraan global']"
49,54,49_banget_apanya_nihh_benar banget,"['banget', 'apanya', 'nihh', 'benar banget', 'asli', 'benar', 'pengen banget', 'bahlil', 'nya benar', 'banget pengen']","['beneran nihh', 'asli pengen banget sih', 'bahlil ini apanya bahlul']"
50,53,50_plis_pen_pliss_plisss,"['plis', 'pen', 'pliss', 'plisss', 'ajak', 'dokumen', 'lengkap', 'pungut', 'cil', 'bocil']","['ajak saya kabur plis', 'ajak saya plis', 'mau ikut plis']"
51,52,51_takut_takutnya_nyusul_tanggung,"['takut', 'takutnya', 'nyusul', 'tanggung', 'jiwa', 'mental', 'benar banget', 'pinter', 'korut', 'depannya']","['ㅤ ㅤ ㅤ ㅤ jadi takut ini', 'takut g bisa shoping', 'baru netes takut kamu']"
52,52,52_ente_bahlil_sabi_kadang,"['ente', 'bahlil', 'sabi', 'kadang', 'sama²', 'iyaaa', 'pindahh', 'heh', 'bung', 'plss']","['aamiin sama² yah', 'iyaaa sama plss', 'hhhhaaaaaaaaaaaaaaaaaa ente bahlil kadang ente kadang']"
53,51,53_pajak_bayar pajak_bayar_berkurang,"['pajak', 'bayar pajak', 'bayar', 'berkurang', 'kena pajak', 'bpjs', 'makan', 'kena', 'pajaknya', 'suruh']","['bilang saja nanti tidak ada yang bayar pajak wkwkwk', 'bayar pajak tiap tahun', 'bayar pajak']"
54,51,54_duit_duit duit_dana_uang,"['duit', 'duit duit', 'dana', 'uang', 'ngumpulin', 'dompet', 'duitnya', 'pgn', 'ing', 'pengen']","['mau kabur saja dulu tapi baru punya duit ke', 'lah saya kalau ada duit juga lebih baik kabur deh', 'tahu lah duit duit saya']"
55,49,55_ajak_berusaha_peduli_banget,"['ajak', 'berusaha', 'peduli', 'banget', 'diriku', 'bilek', 'sabi', 'kamar', 'jateng', 'nanggung']","['cuma saya yang tahu berusaha apa ga nya najis banget ga berusaha saya apalah esdeem', 'cita keliling dunia tapi sdh terikat menyala diriku', 'wow keren banget mantap sangat memotivasi aku buat nabung dan trip dalam rangka kaburajadulu']"
56,49,56_informasi_website_informasi loker_loker,"['informasi', 'website', 'informasi loker', 'loker', 'belanda', 'abang', 'lokernya', 'infokan', 'ajah', 'vt']","['informasi kaburannya ga ini wkwk', 'informasi lokerrr', 'informasi gerbang isekai']"
57,48,57_bersaing_kalah_laki_ordal,"['bersaing', 'kalah', 'laki', 'ordal', 'org org', 'segi', 'org', 'menang', 'saudara laki', 'laki laki']","['bisa bersaing emang', 'kayak bisa bersaing saja bang', 'mampu bersaing kah orang seperti kamu']"
58,47,58_kunci_isi_modern_semangat,"['kunci', 'isi', 'modern', 'semangat', 'maju', 'benar benar', 'utama', 'faktor', 'penuhi', 'global']","['ini benar benar luar biasa kerja sama modern pemerintah kembangkan sarana rakyat isi dengan lewat kreativitas sinergi inilah kunci kunci negeri ini menonjol di tingkat global kibarkan semangat maju', 'ini luar biasa kerja sama modern otoritas dirikan sarana warga isi dengan melalui kreativitas kerja sama inilah kunci rahasia negeri ini menonjol di tingkat global kibarkan semangat maju', 'ini benar benar luar biasa gotong royong modern otoritas kembangkan infrastruktur masyarakat isi dengan dengan inovasi kerja sama inilah kunci negeri ini unggul di tingkat global kibarkan semangat maju']"
59,46,59_bismillah_nyusul_bismillah iya_bismillah semoga,"['bismillah', 'nyusul', 'bismillah iya', 'bismillah semoga', 'semoga', 'secepatnya', 'manifesting', 'muak', 'one day', 'day']","['okeee bismillah', 'bismillah mencicil kaburajadulu', 'bismillah']"
60,43,60_pejabat_admin_pejabatnya_kaya,"['pejabat', 'admin', 'pejabatnya', 'kaya', 'kaya pejabat', 'slot', 'kerja setuju', 'minimal pengalaman', 'indoo', 'kerja pejabat']","['pejabat lah ada wakilnya', 'pejabat lah bodoamat', 'pejabat buta kak']"
61,42,61_paspor_visa_bikin paspor_rencana,"['paspor', 'visa', 'bikin paspor', 'rencana', 'permit', 'njir', 'surat', 'pas', 'pakai', 'jawab']","['gampang ye ngmong bang paspor kamu visa kamu belum lagi ngelatih bahasa kamu dan biaya lain', 'paspor di agensi kakak', 'deh punya paspor tinggal perpanjang wronged']"
62,42,62_tikus_sehat_negara sakit_sakit,"['tikus', 'sehat', 'negara sakit', 'sakit', 'dipaksa', 'garuda', 'terlahir', 'memiliki', 'kntl', 'gila']","['di banyak orang di sini banyak tikus', 'kaburajadulu kata tikus tikus itu', 'iya di suruh sehat di negara yang sakit banyak tikus kelaparan']"
63,42,63_ayam_ikan_tagar_le,"['ayam', 'ikan', 'tagar', 'le', 'petenteng', 'petantang petenteng', 'petantang', 'hashtag', 'terkenal', 'wajib']","['ubur ubur ikan lele kabur saja dulu le', 'petantang petenteng pas ditantang bahkan kayak ayam sayur kaburajadulu', 'dengar bagaimana orang kamu semua pada kaburajadulu kocak sok petantang petenteng pas ditantang kaya ayam sayur']"
64,42,64_miskin_kaya_negara kaya_kaya kaya,"['miskin', 'kaya', 'negara kaya', 'kaya kaya', 'kaya pejabat', 'negara', 'kaya negara', 'nya kaya', 'menderita', 'sda']","['negara kita kaya tapi bukan untuk kita', 'yang kaya makin kaya yang miskin makin miskin', 'iya emang negara kaya tapi yang kaya para pejabat yang miskin mah makin miskin']"
65,42,65_mauuu_hahahaha_yauda_lahhh,"['mauuu', 'hahahaha', 'yauda', 'lahhh', 'huhuhu', 'kakkk', 'ikutt', 'bner', 'banget', '']","['ihhh mauuu', 'ihhhh mauuu', 'mauuu']"
66,42,66_china_cina_ceo_project,"['china', 'cina', 'ceo', 'project', 'indo', 'populasi', 'and', 'they', 'tambang', 'negara']","['bahkan ada persyaratanya harus cina', 'ayh nang china', 'aku mau tapi ke china']"
67,41,67_keuangan_operasional_open_dm,"['keuangan', 'operasional', 'open', 'dm', 'kampus', 'wa', 'tugas', 'ujian', 'bisnis', 'pajak']","['haloo kak open joki tugas realtime ujian atau quiz bisa dm wa ke akuntansi manajemen keuangan msdm keuangan bisnis manajemen operasional export import finance audit pajak brevet manajemen s kampus luar negeri psikotes kerja', 'soree kak open joki tugas realtime ujian atau quiz bisa dm wa ke akuntansi manajemen keuangan msdm keuangan bisnis manajemen operasional export import finance audit pajak brevet manajemen s kampus luar negeri psikotes kerja', 'haai kak open joki tugas realtime ujian atau quiz bisa dm wa ke akuntansi manajemen keuangan msdm keuangan bisnis manajemen operasional export import finance audit pajak brevet manajemen s kampus luar negeri psikotes kerja']"
68,38,68_trend_trend pengen_ikutan trend_pengen trend,"['trend', 'trend pengen', 'ikutan trend', 'pengen trend', 'trendnya', 'mengikuti', 'bubar', 'trend nya', 'ikutan', 'prabowo yordania']","['bagaimana ikut trend ini ga kaburajadulu', 'akhirnya trent juga ikut trend kaburajadulu', 'dia mau ikut trend kaburajadulu']"
69,38,69_fakta_bangettt_bukti_inii,"['fakta', 'bangettt', 'bukti', 'inii', 'buktinya', 'realita', 'faktanya', 'banget iya', 'benar banget', 'benar']","['fakta sekali', 'fakta bangetttt', 'fakta sih']"
70,38,70_jaga_mari_sehari_dalam,"['jaga', 'mari', 'sehari', 'dalam', 'kadang', 'berharga', 'capai', 'lupa', 'kesejahteraan', 'wujudkan']","['kadang kita terlupa luar biasanya kerja sama itu adalah warisan luhur kami mari terapkan dalam kehidupan sehari hari untuk jaga negara dan realisasikan kebahagiaan universal bersatu jaga negeri', 'kadang kita melupakan luar biasanya kerja sama itu adalah warisan luhur kita mari implementasikan dalam kehidupan sehari hari untuk jaga negeri dan realisasikan kesejahteraan bersama bersatu jaga negeri', 'kadang kita lupa luar biasanya kerja sama itu adalah warisan luhur kami mari terapkan dalam kehidupan sehari hari untuk jaga bangsa dan capai kemakmuran kolektif bersatu jaga negeri']"
71,37,71_dikit_mirip_teriak_barengan,"['dikit', 'mirip', 'teriak', 'barengan', 'hijau', 'tabung', 'inpo', 'hongkong', 'apanya', 'kebiasaan']","['lulus sama dikit', 'lengah dikit pengen kaburajadulu', 'ini orang kalau diwarnain hijau jadi mirip shrek atau mirip tabung gas yak kira']"
72,37,72_negeri negeri_negeri semoga_keluar negeri_negeri,"['negeri negeri', 'negeri semoga', 'keluar negeri', 'negeri', 'semoga', 'keluar', 'semoga kerja', 'banget negeri', 'terima kasih', 'yaa']","['tapi sebelum keluar negeri harus selesaikan s nya dulu di negara kita kakak mohon doa nya kakak semoga allah mudahkan setiap proses yang aku lalui aamiin terima kasih kakak', 'terima kasih banyak tuhan sudah memberikan aku rezeki dari kerja di luar negeri sedikit demi sedikit semoga bisa bahagiain keluargaku', 'yaallah semoga rezeki ku emg ada di luar negeri semoga aku bisa kerja di luar negeri dengan sehat dan tidak toxic dan bahagia dan well paid dan bisa jalan kaki malam dengan tenang dana bisa meromantisasi kehidupan bismillah iya allah aamiin']"
73,36,73_pindah negara_pindah_kanada_pengen pindah,"['pindah negara', 'pindah', 'kanada', 'pengen pindah', 'negara', 'aamiin iya', 'negara negara', 'kelahiran', 'semenjak', 'aamiin']","['list yang mau pindah negara aku', 'list pindah ke negara lain saya', 'pengen pindah negara ke kanada yangpentingpindahajadulu']"
74,36,74_cinta_setara_sebelah tangan_bertepuk,"['cinta', 'setara', 'sebelah tangan', 'bertepuk', 'bertepuk sebelah', 'sebelah', 'tangan', 'cari', 'cinta tanah', 'malam']","['cinta lah diri sendiri', 'saya dari dulu cinta indomie', 'cinta sendirian itu sakittt']"
75,35,75_pajak_harga_gaji_kebutuhan,"['pajak', 'harga', 'gaji', 'kebutuhan', 'pensiun', 'penghasilan', 'dipotong', 'bayar', 'bayar pajak', 'pokok']","['hapus tunjangan hapus kunjungan kerja ke luar negeri turunkan pajak turunkan harga harga kebutuhan pokok', 'kalau gak mau bayar pajak di suruh kerja luar negeri dan kalau gajian wajib bayar pajak lagi karena dpr perlu fasilitas dari pajak kita di jajah negeri sendiri', 'pajak penghasilan di luar negeri itu berapa selain pajak penghasilan pajak apa lagi yang harus dibayar disana kalau harga telur dan bahan makanan lainnya berapa iya']"
76,35,76_pekerjaan_pengalaman_susah banget_pengalaman kerja,"['pekerjaan', 'pengalaman', 'susah banget', 'pengalaman kerja', 'kerja pengalaman', 'susah', 'kerjaan', 'panggilan', 'lamaran', 'ijazah']","['gimn ini aku tidak punya pekerjaan', 'lagi tidak punya pekerjaan saya mah bang', 'dari tahun tidak punya pekerjaan bang']"
77,35,77_pastikan_kompeten_nkri_tenaga kerja,"['pastikan', 'kompeten', 'nkri', 'tenaga kerja', 'tenaga', 'menuju', 'maju', 'pertumbuhan', 'optimis', 'menjanjikan']","['bisa dirasakan setiap tahun indonesia lebih optimis di arena global hubungan luar negeri solid pertumbuhan ekonomi meningkat tenaga kerja kompeten kita sedang bergerak menuju hari esok yang gemilang pastikan nkri maju', 'bisa dirasakan dari tahun ke tahun indonesia makin optimis di kancah internasional hubungan luar negeri solid pertumbuhan ekonomi meningkat tenaga kerja kompeten kita sedang bergerak menuju prospek yang menjanjikan pastikan nkri maju', 'dapat dirasakan ini dari tahun ke tahun indonesia lebih optimis di panggung dunia hubungan luar negeri solid pertumbuhan ekonomi meningkat tenaga kerja kompeten kita sedang bergerak menuju prospek yang menjanjikan pastikan nkri maju']"
78,34,78_kwkw_wkwkw_yes_mu,"['kwkw', 'wkwkw', 'yes', 'mu', 'bersaing', 'cpt', 'gais', 'wkwkwkwkwk', 'lanjutkan', 'lh']","['pedas gini brok kwkw', 'yes yes umur balik indo mau ambil whv kwkw', 'kwkw lanjutkan menghayal tingkat tinggi mu dekk dengan usaha di dalam mimpi mu']"
79,34,79_koruptor_didanai_dibiayai koruptor_dibiayai,"['koruptor', 'didanai', 'dibiayai koruptor', 'dibiayai', 'korupsi', 'indonesiagelap', 'ditangkap', 'terlanjur', 'tag', 'out']","['bisikin koruptor yang mbiayai dong kaburajadulu', 'kalau kaburajadulu yang ini jelas didanai oleh koruptor', 'waduh bupati pati dibela mulyono si koruptor occrp yang didanai oleh buronan koruptor edi tensil kaburajadulu']"
80,34,80_bismillah_bismillah iya_muak banget_iya allah,"['bismillah', 'bismillah iya', 'muak banget', 'iya allah', 'allah', 'tanggal', 'semoga', 'banget negara', 'muak', 'capek banget']","['bismillah iya allah tahun ini bisa kaburajadulu', 's bismillah iya allah tahun ini atau tahun depan bisa ikut kaburajadulu sudah muak banget sama ini negara', 'bismillah iya allah tahun ini atau tahun depan bisa ikut kaburajadulu sudah muak banget sama ini negara']"
81,33,81_australia_whv_anakku_bule,"['australia', 'whv', 'anakku', 'bule', 'singapura', 'pingin', 'aneh', 'engga', 'cita', 'pengen kerja']","['kerja di perkebunan di australia paling enak', 'indeed australia jo search aust', 'australia harus s di dulu gak si']"
82,33,82_banget banget_sembuh_ajak_pengen,"['banget banget', 'sembuh', 'ajak', 'pengen', 'banget', 'hatinya', 'untungnya', 'dicoba', 'menyerah', 'bermodal']","['gak boleh gendut ampe skrang saya sakit hatinya gak hilang', 'kayaknya ini gerdnya tidak sembuh sembuh karena aku wni deh obatnya harus kaburajadulu', 'pengen banget banget banget banget seumur hidupku kaburajadulu dan gak balik lagi']"
83,33,83_pelan_kira_pelan pelan_tanggapan,"['pelan', 'kira', 'pelan pelan', 'tanggapan', 'gasih', 'yukk', 'ora', 'ii', 'kejepang', 'hah']","['yuk ikutan yukk seru tahu', 'pelan saja', 'pelan pelan abang']"
84,33,84_cinta_cinta negara_negara negara_negara,"['cinta', 'cinta negara', 'negara negara', 'negara', 'mikirin', 'rakyatnya', 'tanah air', 'cinta tanah', 'tanah', 'air']","['buat apa cinta negara emang negara cinta rakyatnya', 'kita cinta negara ini tapi negara ga cinta kita ga ada feedback juga sakeet', 'kita cinta negara tapi negara ga cinta kita']"
85,32,85_wowo_mental_tanah_dijajah,"['wowo', 'mental', 'tanah', 'dijajah', 'krisis', 'darurat', 'lha', 'raja', 'haji', 'menteri negeri']","['wakil prabowo yang berjasa bawa pulang wowo dari kaburajadulu ngata in wowo yang jadi imigran ke jordan parah sih', 'mental warga israhell yang kaburajadulu cerminan warga yang memang tidak pernah cinta pada tanah airnya itu bukan tanah airnya itu tanah palestina coba menjenguk mental rakyat palestina apapun yang terjadi ini adalah tanah airnya mental kaburajadulu kalau ada masalah mental apa', 'fun fact raja jordania adalah teman karib pak haji wowo ketika dulu haji wowo kaburajadulu']"
86,31,86_dream_mimpi_impian_my dream,"['dream', 'mimpi', 'impian', 'my dream', 'my', 'have', 'negeri trus', 'semoga', 'tidur', 'is']","['my biggest dream', 'my dream since childhood', 'my dream']"
87,31,87_kucing_yaallah_kalah_yaallah pengen,"['kucing', 'yaallah', 'kalah', 'yaallah pengen', 'ajak keluarga', 'banget pengen', 'ngejek', 'ketawa', 'even', 'dibanding']","['kucing kaburajadulu', 'beruntungnya kucing itu bisa kaburajadulu', 'si kucing lagi ikut kaburajadulu']"
88,31,88_kewarganegaraan_pindah kewarganegaraan_pindah_laki,"['kewarganegaraan', 'pindah kewarganegaraan', 'pindah', 'laki', 'keluar negeri', 'pny', 'pamer', 'negeri', 'semudah', 'saudara laki']","['wishlist dari kecil saya begini pindah kewarganegaraan', 'tutor cara pindah kewarganegaraan', 'ini yang dimaksud bukan tki iya saudara laki-laki ini yang di maksud pindah kewarganegaraan']"
89,30,89_duit_duit negara_negara_uang,"['duit', 'duit negara', 'negara', 'uang', 'tabungan', 'simpan', 'susah nya', 'kumpulin', 'kaya', 'pakai duit']","['q saja yang sudah di taiwan th pengen pulang terus mikir lagi karena lihat susah nya cri duit di negara sendiri sudah gitu semua brang kebutuhan mhal lagi', 'kaburajadulu tapi pakai duit negara', 'di negara ini mana bisa punya duit']"
