Kabupaten_Kota,Sektor_1,Sektor_2,Sektor_3,Sektor_4,Sektor_5,Sektor_6,Sektor_7,Sektor_8,Sektor_9,Sektor_10,Sektor_11,Sektor_12,Sektor_13,Sektor_14,Sektor_15,Sektor_16,Sektor_17,Sektor_18,Sektor_19,Sektor_20
Simeulue,162.51,164.53,168.16,190.54,685.73,46.43,46.26,52.78,57.46,202.93,230.12,254.47,254.45,258.91,997.95,439.06,465.25,475.39,506.91,1886.61
Aceh Singkil,137.28,139.34,142.47,149.08,568.17,66.43,70.61,75.14,81.41,293.58,267.69,279.18,285.16,281.97,1114,471.4,489.13,502.77,512.46,1975.75
Aceh Selatan,352.93,363.26,326.93,347.66,1390.78,208.69,214.78,232.23,235.57,891.27,583.74,641.4,646,635.1,2506.24,1145.36,1219.44,1205.17,1218.32,4788.29
Aceh Tenggara,372.29,405.94,342.46,448.05,1568.74,69.91,73.63,80.44,83.77,307.74,466.68,488.34,493.68,500.81,1949.51,908.88,967.9,916.58,1032.64,3825.99
Aceh Timur,1109.86,1073.8,1073.34,1208.4,4465.4,236.25,245.85,266.96,270.36,1019.42,907.56,967.62,983.19,1001.65,3860.01,2253.66,2287.27,2323.48,2480.42,9344.83
Aceh Tengah,706.79,659.46,690.51,820.25,2877.02,258.08,256.3,273.17,274.14,1061.7,729.2,739.58,771.54,752.22,2992.54,1694.06,1655.34,1735.23,1846.62,6931.25
Aceh Barat,975.87,1170.04,1140.77,1208.4,4495.08,209.24,203.8,256.28,291.85,961.18,810.93,778.12,793.93,825.69,3208.67,1996.03,2151.97,2190.98,2325.94,8664.92
Aceh Besar,822.92,693.39,689.82,781.67,2987.79,554.42,586.5,623.53,672.75,2437.2,1507.82,1577.02,1592,1573.35,6250.2,2885.17,2856.91,2905.35,3027.77,11675.2
Pidie,938.56,879.35,886.17,1028.22,3732.3,215.2,226.44,226.63,252.67,920.93,1024.16,1093.22,1098.93,1107.66,4323.97,2177.92,2199.02,2211.72,2388.55,8977.21
Bireuen,889.89,943.72,828.86,1007.69,3670.16,287.85,295.8,300.46,341.64,1225.75,1658.13,1743.68,1755.4,1753.38,6910.58,2835.87,2983.2,2884.71,3102.71,11806.49
Aceh Utara,2507.89,2273.95,2370.38,2599,9751.22,555.83,619.44,612.31,659,2446.58,1494.46,1608.74,1559.7,1585.09,6247.99,4558.18,4502.14,4542.38,4843.09,18445.79
Aceh Barat Daya,261.62,249.88,255.46,241.28,1008.24,130.79,145.82,148.94,154.33,579.88,435.79,470.79,477.14,482.55,1866.28,828.21,866.49,881.54,878.16,3454.39
Gayo Lues,208.96,209.25,200.78,243.71,862.7,95.51,101.62,106.37,109.25,412.75,214.6,231.79,239.77,241.13,927.29,519.06,542.66,546.92,594.09,2202.73
Aceh Tamiang,928.92,857.9,804.84,899.51,3491.17,201.11,186.24,198.29,241.98,827.63,556.49,588.66,597.76,612.67,2355.58,1686.53,1632.8,1600.89,1754.16,6674.38
Nagan Raya,1218.14,1227.38,1224.96,1340.11,5010.59,206.36,211.51,241.56,257.92,917.35,515.2,550.94,559.47,542.06,2167.68,1939.7,1989.83,2025.99,2140.1,8095.62
Aceh Jaya,179,175.01,184.77,208.01,746.78,99.56,112.29,120.27,126.74,458.86,252.59,277.92,268.16,275.84,1074.51,531.14,565.22,573.2,610.59,2280.16
Bener Meriah,516.68,480.49,526.78,641.43,2165.39,179.06,180.64,183.55,180.97,724.22,324.92,336.35,342.83,325.29,1329.39,1020.66,997.47,1053.16,1147.7,4218.99
Pidie Jaya,335.32,327.94,315.52,370.05,1348.84,68.96,71.5,76.73,82.3,299.5,309.61,331.49,345.27,339.85,1326.23,713.9,730.93,737.52,792.2,2974.56
Kota Banda Aceh,53.96,53.4,73.86,91.27,272.48,360.33,359.22,411.02,449.07,1579.64,3833.82,4007.15,4190.31,4234.4,16265.67,4248.1,4419.76,4675.18,4774.73,18117.78
Kota Sabang,23.29,24.08,24.62,26.55,98.54,90.33,94.46,104.54,111.28,400.62,185.73,192.11,192.24,198.99,769.07,299.35,310.65,321.4,336.82,1268.22
Kota Langsa,89.89,91.32,87.07,107.01,375.3,180.73,181.92,186.14,210.47,759.25,824.61,850.18,843.43,866.07,3384.3,1095.24,1123.42,1116.64,1183.56,4518.85
Kota Lhokseumawe,157.61,171.73,170.98,177.55,677.87,601.38,604.38,621.61,651.19,2478.54,1222.36,1261.93,1264.72,1306.01,5055.02,1981.35,2038.04,2057.31,2134.74,8211.43
Kota Subulussalam,97.45,98.93,98.62,105.32,400.32,109.52,117.43,126.67,132.39,486.02,177.96,185.16,186.39,187.41,736.91,384.93,401.52,411.68,425.12,1623.25
Nias,442.41,438.56,444.79,451.07,1776.83,73.89,76.11,79.25,82.76,312.01,208.96,216.14,220.68,229.72,875.5,725.27,730.81,744.72,763.55,2964.34
Mandailing Natal,1348.89,1380.49,1414.22,1403.73,5547.33,561.78,583.82,604.37,621.53,2371.5,741.39,775.98,770.47,794.96,3082.79,2652.05,2740.29,2789.05,2820.22,11001.61
Tapanuli Selatan,1613.6,1656.14,1685.17,1688.95,6643.86,472.97,484.08,496.46,513.02,1966.53,718.4,758.5,761.64,771.39,3009.94,2804.97,2898.72,2943.28,2973.36,11620.33
Tapanuli Tengah,959.03,973.95,978.14,997.65,3908.77,419,431.49,444.99,453.02,1748.5,576.39,607.54,609.71,633.49,2427.14,1954.43,2012.98,2032.84,2084.16,8084.42
Tapanuli Utara,773.3,788.5,778.76,787.32,3127.89,262.11,266.9,276.33,281.56,1086.9,652.61,676.69,674.8,712.35,2716.46,1688.03,1732.09,1729.89,1781.23,6931.24
Toba Samosir,495.59,499.5,507.2,501.7,2003.98,391.57,401.67,418.59,440.84,1652.67,686.38,696.35,705.7,733.04,2821.48,1573.54,1597.52,1631.48,1675.58,6478.13
Labuhan Batu,2154.6,2216.07,2274.31,2275.94,8920.92,2545.93,2629.63,2723.08,2757.38,10656.01,2001.74,2089.08,2111.51,2145.61,8347.93,6702.27,6934.78,7108.9,7178.92,27924.86
Asahan,3382.47,3542.69,3697.62,3583.4,14206.19,1877.15,1945.93,2011.88,1997.43,7832.4,2259.9,2335.66,2336.53,2370.62,9302.71,7519.53,7824.28,8046.03,7951.46,31341.3
Simalungun,4752.78,4861.23,4984.47,4967.74,19566.22,1343.48,1389.89,1434.54,1456.73,5624.64,1882.85,1974.95,1992.74,2010.95,7861.49,7979.1,8226.08,8411.75,8435.42,33052.35
Dairi,848.93,850.17,857.02,871.45,3427.57,235.69,239.06,247.24,254.56,976.56,774.89,807.91,812.46,831.91,3227.18,1859.52,1897.15,1916.73,1957.92,7631.31
Karo,2179.72,2222.81,2259.3,2367.36,9029.19,413.4,422.88,429.9,434.54,1700.72,1402.71,1475.61,1501.54,1531.4,5911.26,3995.82,4121.29,4190.75,4333.3,16641.17
Deli Serdang,2585.17,2634.09,2662.59,2698.65,10580.5,8862.79,9117.54,9406.05,9725.96,37112.35,8666.59,8868.39,9162.19,9478.34,36175.51,20114.55,20620.03,21230.83,21902.94,83868.36
Langkat,4499.9,4680.12,4814.35,4973.18,18967.55,1696.99,1754.87,1831.34,1903.72,7186.92,2091.68,2168,2194.23,2272.1,8726.02,8288.57,8603,8839.92,9149,34880.49
Nias Selatan,626.7,630.98,633.76,638.07,2529.52,152,154.34,159.1,162.48,627.91,402.45,411.4,413.02,422.04,1648.9,1181.15,1196.72,1205.88,1222.58,4806.33
Humbang Hasundutan,516.13,530.05,534.67,535.92,2116.77,177.8,182.91,188.06,196.09,744.85,471.96,485.19,492.97,497.13,1947.24,1165.89,1198.15,1215.69,1229.14,4808.86
Pakpak Bharat,146.15,145.31,149.16,151.85,592.47,23.35,23.52,24.58,26.8,98.25,73.89,76.83,78.72,83.79,313.24,243.39,245.66,252.46,262.44,1003.95
Samosir,457.49,468.28,461.97,469.96,1857.71,101.81,104.71,109.37,119.52,435.41,318.37,343.38,330.57,358.71,1351.03,877.67,916.38,901.91,948.19,3644.15
Serdang Bedagai,2589.64,2600.77,2625.5,2625,10440.9,1417.98,1457.23,1489.25,1523.94,5888.4,1573.58,1623.25,1664.04,1693.41,6554.28,5581.2,5681.25,5778.79,5842.34,22883.58
Batu Bara,1560,1586.7,1612.79,1583.69,6343.17,3400.63,3495.51,3549.33,3569.8,14015.27,1768.35,1810.5,1816.1,1860.77,7255.72,6728.99,6892.71,6978.22,7014.25,27614.17
Padang Lawas Utara,1101.18,1127.75,1178.36,1179.87,4587.15,708.12,733.21,765.6,796.6,3003.53,544.97,562.59,567.74,589.97,2265.27,2354.27,2423.55,2511.71,2566.43,9855.95
Padang Lawas,1235.02,1306.28,1363.63,1365.1,5270.02,630.49,671.22,718.94,739.39,2760.04,397.01,411.63,406.67,414.34,1629.65,2262.52,2389.14,2489.24,2518.83,9659.72
Labuhan Batu Selatan,1907.21,1943.23,1996.27,1984.08,7830.79,2424.67,2520.35,2611.28,2630.51,10186.82,1118.8,1145.74,1165.63,1171.79,4601.96,5450.68,5609.33,5773.19,5786.38,22619.57
Labuhan Batu Utara,2113,2166.31,2267.74,2268.15,8815.2,1534.04,1595.68,1645.95,1656.11,6431.78,1271.2,1316.33,1343.57,1349.68,5280.78,4918.25,5078.32,5257.25,5273.94,20527.76
Nias Utara,401.75,405.89,409.03,419.12,1635.8,57.94,58.39,59.57,62.11,238.01,197.76,199.52,200.8,207.02,805.11,657.46,663.8,669.41,688.25,2678.92
Nias Barat,211.98,214.48,216.47,218.32,861.25,31.54,31.92,33.06,34.67,131.19,106.65,107.41,108.58,112.03,434.68,350.17,353.8,358.11,365.02,1427.11
Kota Sibolga,184.32,182.1,175.64,183.24,725.3,159.98,157.63,162.73,169.02,649.36,653.88,669.39,674.9,682.49,2680.65,998.17,1009.12,1013.27,1034.74,4055.3
Kota Tanjung Balai,283.45,282.69,283.76,283.97,1133.87,570.12,582.09,604.91,626.66,2383.79,779.87,800.87,806.22,839.73,3226.69,1633.45,1665.66,1694.88,1750.36,6744.35
Kota Pematang Siantar,41.79,41.63,42.39,42.32,168.13,730.48,737.74,736.79,749.18,2954.19,1877.31,1893.3,1913.72,1963.32,7647.66,2649.58,2672.67,2692.89,2754.83,10769.97
Kota Tebing Tinggi,17.36,17.14,17.06,17.55,69.12,282.91,282.81,284.77,286.36,1136.85,815.35,826.48,822.98,828.78,3293.58,1115.62,1126.43,1124.81,1132.69,4499.55
Kota Medan,359.48,353.52,362.17,368.7,1443.87,14063.42,14554.21,14761.02,14945.91,58324.55,29792.85,30681.22,31357.7,30642.4,122474.18,44215.75,45588.95,46480.89,45957,182242.59
Kota Binjai,131.6,131.45,131.06,132.35,526.46,485.72,491.8,504.26,509.77,1991.55,1652.12,1696.09,1723.88,1731.98,6804.07,2269.44,2319.34,2359.19,2374.1,9322.08
Kota Padangsidimpuan,142.78,144.91,145.59,146.14,579.42,181.08,182.52,183.56,193.14,740.3,882.33,915.48,941.26,966.43,3705.49,1206.2,1242.91,1270.4,1305.71,5025.22
Kota Gunungsitoli,158.03,158.91,159.51,162.86,639.3,181.87,184.34,190.89,198.46,755.56,614.1,622.8,628.93,646.21,2512.04,953.99,966.04,979.33,1007.52,3906.89
Kepulauan Mentawai,409.54,413.43,419.92,448.79,1691.68,139.08,141.18,149.37,152.61,582.23,291.46,299.77,289.87,296.92,1178.01,840.07,854.38,859.16,898.32,3451.93
Pesisir Selatan,1061.79,1053.11,1069.83,1122.13,4306.87,459.88,470,487.12,492.72,1909.71,1178.68,1205.54,1197.16,1217.25,4798.63,2700.35,2728.65,2754.12,2832.1,11015.21
Solok,1133.53,1125.46,1152.45,1168.75,4580.19,379.28,389.01,403.03,406.12,1577.43,1297.71,1334.18,1313.44,1334.92,5280.26,2810.52,2848.65,2868.92,2909.79,11437.87
Sijunjung,747.42,753.49,776.06,796.04,3073,310.9,317.19,333.13,339.01,1300.23,831.73,849.75,847.29,856.79,3385.55,1890.04,1920.43,1956.49,1991.83,7758.79
Tanah Datar,860.68,846.66,857.58,894.91,3459.84,560.44,575.75,588.29,596.48,2320.97,1319.39,1365.06,1347.05,1360.15,5391.65,2740.52,2787.48,2792.92,2851.54,11172.45
Padang Pariaman,1027.34,1015.52,1027.79,1061.78,4132.42,798.45,797.26,824.76,850.05,3270.53,1688.06,1804.45,1746.57,1727.2,6966.29,3513.85,3617.23,3599.12,3639.03,14369.24
Agam,1323.89,1325.77,1349.91,1403.21,5402.79,780.78,798.12,800.13,796.41,3175.44,2034.19,2089.96,2093.41,2150.8,8368.36,4138.86,4213.86,4243.46,4350.42,16946.6
Lima Puluh Kota,1224.97,1242.23,1249.76,1305.42,5022.37,377.42,384.51,399.08,401.07,1562.08,1556.21,1600.22,1590.94,1600.17,6347.54,3158.59,3226.97,3239.78,3306.65,12932
Pasaman,860.4,862.75,876.83,903.27,3503.25,154.61,157.24,161.34,162.24,635.42,735.2,761.09,750.68,762.63,3009.6,1750.21,1781.08,1788.86,1828.13,7148.27
Solok Selatan,405.71,408.58,414.96,424.14,1653.39,181.64,186.82,193.17,198.85,760.48,535.24,545.26,546.56,553.83,2180.89,1122.59,1140.66,1154.69,1176.83,4594.77
Dharmasraya,691.5,720.25,740.16,729.43,2881.34,389.67,394.26,411.13,422.55,1617.62,1026.73,1056.45,1054.73,1074.29,4212.21,2107.9,2170.96,2206.03,2226.28,8711.16
Pasaman Barat,1367.52,1415.06,1456.88,1487.25,5726.71,626.49,650.39,674.53,683,2634.41,1187.08,1217.24,1213.37,1223.53,4841.22,3181.09,3282.7,3344.78,3393.77,13202.35
Kota Padang,935.9,943.65,947.32,1001.06,3827.92,2647.46,2707.19,2814.69,2873.1,11042.45,8976.82,9241.72,9143.01,9379.63,36741.18,12560.19,12892.57,12905.01,13253.79,51611.55
Kota Solok,44.21,44.88,44.51,46.16,179.76,136.14,139.76,144.83,148.35,569.08,642.94,660.15,652.72,661.14,2616.94,823.28,844.79,842.06,855.64,3365.78
Kota Sawah Lunto,94.02,90.73,101.24,103.54,389.53,184.53,187.87,192.92,197.69,763.01,500.27,518.34,508.66,516.06,2043.32,778.82,796.93,802.82,817.29,3195.86
Kota Padang Panjang,36.29,36.57,36.17,37.35,146.37,132.9,133.44,137.71,142.07,546.12,567.93,582.35,577.36,589.8,2317.43,737.12,752.36,751.23,769.22,3009.93
Kota Bukittinggi,18.6,18.94,18.56,18.88,74.98,226.96,229.8,231.76,232.46,920.98,1519.88,1556.35,1553.51,1554.5,6184.24,1765.45,1805.09,1803.83,1805.84,7180.21
Kota Payakumbuh,76.77,79.39,77.43,78.94,312.53,221.35,226.96,234.94,240.86,924.11,983.51,1006.05,997.76,1005.49,3992.81,1281.63,1312.4,1310.13,1325.29,5229.45
Kota Pariaman,183.71,186.37,185.73,195.84,751.65,221.2,225.34,234.11,235.49,916.13,621.32,632.69,630.12,648.18,2532.3,1026.23,1044.4,1049.95,1079.51,4200.08
Kuantan Singingi,3399.16,3628.82,3691.71,3696.5,14416.18,2374.26,2579.89,2708.03,2681.48,10343.66,605.3,750.65,688.64,694.55,2739.14,6378.71,6959.36,7088.38,7072.53,27498.98
Indragiri Hulu,3268.63,3294.47,3305.81,3413.52,13282.43,3732.05,3620.92,4150.89,3947.46,15451.33,1523.33,1635.49,1623.18,1727.43,6509.43,8524.01,8550.88,9079.89,9088.41,35243.19
Indragiri Hilir,5988.7,5729.43,6509.23,6397.9,24625.27,4302.53,4395.73,4535.35,4190.19,17423.8,2538.19,2734.52,2548.74,2693.08,10514.52,12829.41,12859.68,13593.32,13281.18,52563.59
Pelalawan,3795.07,3854.54,4072.7,3887.44,15609.75,5606.87,5680.46,5948.17,6031.65,23267.14,664.69,716.04,684.09,728.5,2793.32,10066.63,10251.03,10704.96,10647.58,41670.21
Siak,6216.85,6253.4,6584.35,6311.37,25365.97,7843.99,7936.9,8322.53,8286.73,32390.16,932.4,1008.82,946.65,1007.5,3895.37,14993.23,15199.13,15853.53,15605.6,61651.5
Kampar,7766.25,7765.11,8239.75,8084.14,31855.25,5524.45,5555.82,5809.22,5775.76,22665.25,1246.71,1323.91,1250.41,1353.56,5174.59,14537.41,14644.84,15299.37,15213.47,59695.1
Rokan Hulu,4009.28,4150.24,4484.31,4330.9,16974.72,2183.98,2280.2,2383.44,2352.73,9200.36,906.11,1026.77,910.16,1024.32,3867.35,7099.36,7457.22,7777.9,7707.96,30042.44
Bengkalis,12578.32,12366.04,12949.81,12466.06,50360.23,4822.99,4828.86,4880.09,4649.97,19181.91,2158.75,2382.07,2264.31,2352.36,9157.49,19560.05,19576.97,20094.21,19468.39,78699.63
Rokan Hilir,8081.37,8147.48,8403.46,8136.65,32768.96,3003.88,3202.28,3311.9,3311.13,12829.2,1087.39,1169.85,1114.25,1183.47,4554.96,12172.64,12519.61,12829.62,12631.25,50153.11
Kepulauan Meranti,1793.7,1799.83,1886,1869.05,7348.59,1253.29,1180.61,1255.73,1307.77,4997.4,521.37,578.22,520.77,569.83,2190.19,3568.36,3558.67,3662.5,3746.65,14536.18
Kota Pekanbaru,306.05,309.35,308.19,318.51,1242.1,10299.35,10372.82,10885.6,11142.58,42700.36,10196.31,10982.49,9948.44,10954.82,42082.06,20801.7,21664.67,21142.23,22415.92,86024.52
Kota Dumai,377.63,380.97,379.98,354.88,1493.46,5605.78,5189.74,5330.18,5919.92,22045.62,1761.26,1916.27,1754.91,1905.64,7338.08,7744.67,7486.98,7465.07,8180.44,30877.16
Kerinci,879.8,916.42,937.6,974.49,3708.31,325.5,337.16,352.92,359.81,1375.39,668.46,702.29,703.87,718.96,2793.58,1873.75,1955.87,1994.39,2053.27,7877.28
Merangin,1472.76,1521.96,1535.09,1560.33,6090.14,426.33,437.83,452.6,464.12,1780.88,1010.69,1056.86,1062.89,1076.71,4207.16,2909.78,3016.66,3050.58,3101.16,12078.18
Sarolangun,1830.44,1859.08,1941.96,1909.59,7541.06,486.18,520.84,536.34,494.11,2037.46,855.94,896.26,894.15,894.68,3541.02,3172.55,3276.17,3372.44,3298.37,13119.54
Batang Hari,1981.12,2168.62,2169.08,2168.04,8486.86,563.19,589.45,607.02,611.8,2371.46,895.16,948.48,982,979.07,3804.7,3439.46,3706.55,3758.1,3758.91,14663.02
Muaro Jambi,2612.66,2739.44,2810.25,2910.34,11072.69,1081.14,1208.7,1267.83,1270.09,4827.76,1107.3,1167.32,1157.45,1178.71,4610.79,4801.1,5115.46,5235.54,5359.14,20511.24
Tanjung Jabung Timur,3158.72,3187.36,3261.56,3331.23,12938.87,557.5,572.87,608.55,615.49,2354.4,804.5,858.86,859.69,878.69,3401.74,4520.72,4619.09,4729.8,4825.4,18695.01
Tanjung Jabung Barat,5278.25,5300.14,5416.51,5479.21,21474.11,1903.97,1995.29,2100.6,2032.18,8032.03,1199.34,1245.02,1250.77,1255.18,4950.31,8381.56,8540.45,8767.87,8766.56,34456.45
Tebo,1760.27,1850.98,1876.08,1872.35,7359.68,375.05,399.5,414.78,435.22,1624.55,804.35,804.46,814.85,826.59,3250.25,2939.66,3054.94,3105.7,3134.17,12234.47
Bungo,1476.25,1542.29,1577.29,1590.55,6186.38,642.83,673.85,691.31,712.09,2720.09,1421.01,1498.61,1509.06,1516.16,5944.84,3540.09,3714.75,3777.66,3818.8,14851.3
Kota Jambi,144.1,146.41,148.38,137.15,576.04,1137.15,1180.95,1214.4,1221.38,4753.89,4236.33,4432,4462.02,4436.15,17566.5,5517.58,5759.36,5824.81,5794.69,22896.42
Kota Sungai Penuh,67.86,78.51,80.15,81.44,307.97,179.35,179.27,186.11,187.91,732.65,1076.52,1110.65,1126.76,1135.92,4449.85,1323.73,1368.43,1393.02,1405.28,5490.46
Ogan Komering Ulu,970.32,1052.29,1131.37,1077.25,4231.23,825.05,828.9,826.69,826.59,3307.23,1030.77,1054.68,1087.45,1086.52,4259.41,2826.14,2935.86,3045.51,2990.36,11797.87
Ogan Komering Ilir,3509.43,3517.16,3745.92,3418.86,14191.38,1909.98,1985.27,2063.02,2067.18,8025.46,1339.43,1402.4,1402.54,1361.98,5506.34,6758.85,6904.83,7211.48,6848.03,27723.18
Muara Enim,8786.28,10190.54,11841.98,9952.54,40771.34,1988.17,2039.57,2046.7,2051.51,8125.94,1522.76,1677.06,1655.5,1552.32,6407.65,12297.22,13907.17,15544.17,13556.37,55304.93
Lahat,2161.53,2626.72,2698.83,2597.88,10084.96,420.72,426.49,427.9,432.62,1707.73,914.54,973.99,964.72,999.02,3852.28,3496.8,4027.19,4091.45,4029.52,15644.96
Musi Rawas,2478.12,2627.18,2617.29,2437.78,10160.37,706.33,703.37,691.17,748.27,2849.15,676.15,732.79,739.88,783.58,2932.41,3860.61,4063.34,4048.35,3969.63,15941.93
Musi Banyuasin,8979.84,8922.44,9081.46,9353.78,36337.51,2071.29,2101.28,2135.81,2209.06,8517.44,1822.96,2010.21,1969,2096.98,7899.15,12874.09,13033.92,13186.27,13659.82,52754.1
Banyu Asin,2595.17,2442.6,2360.76,2031.2,9429.72,2216.84,2233.85,2297.03,2437.89,9185.6,1355.78,1444.5,1277.73,1467.41,5545.43,6167.79,6120.94,5935.52,5936.5,24160.75
Ogan Komering Ulu Selatan,575.23,575.63,691.31,505.54,2347.7,411.35,413.76,404.66,439.42,1669.19,681.18,692.15,706.82,727.79,2807.94,1667.76,1681.54,1802.78,1672.75,6824.83
Ogan Komering Ulu Timur,1122.73,1345.69,1402.7,1035.18,4906.3,739.1,723.08,741.85,762.23,2966.27,1051.59,1133.1,1122.21,1104.62,4411.52,2913.43,3201.87,3266.76,2902.03,12284.09
Ogan Ilir,610.52,637.82,726.53,681.19,2656.06,596.76,591.97,595.63,616.87,2401.23,915.16,993.29,996.49,992.62,3897.57,2122.44,2223.08,2318.65,2290.69,8954.86
Empat Lawang,399.63,449.43,477.16,433.74,1759.97,200.43,205.29,206.94,207.75,820.42,378.15,388.72,382.85,391.45,1541.17,978.22,1043.44,1066.95,1032.94,4121.55
Penukal Abab Lematang Ilir,821.99,801,845.96,843.61,3312.57,222.05,229.37,233.1,236.12,920.63,307.52,319.53,328.58,341.11,1296.74,1351.56,1349.9,1407.63,1420.85,5529.94
Musi Rawas Utara,1116.96,1200.46,1259.21,1175.48,4752.11,166.1,167.77,168.32,171.48,673.68,261.29,270.09,271.26,272.87,1075.52,1544.36,1638.33,1698.8,1619.83,6501.31
Kota Palembang,121.3,130.89,144.43,114.62,511.24,14784.4,14868.12,15069.23,15278.47,60000.22,15470.21,15985.71,16276.12,16427.92,64159.96,30375.9,30984.72,31489.77,31821.02,124671.42
Kota Prabumulih,270.55,278.05,285.94,269.65,1104.19,396.66,396.61,405.63,418.6,1617.5,893.1,922.71,919.9,950.27,3685.96,1560.3,1597.36,1611.46,1638.52,6407.65
Kota Pagar Alam,165.8,186.37,176.93,169.56,698.66,118.39,120.92,120.66,123.16,483.13,351.8,373.44,383.55,390.43,1499.22,635.98,680.74,681.14,683.15,2681.01
Kota Lubuklinggau,86.41,86.24,88.92,85.74,347.3,349.83,355.25,354,366.47,1425.56,809.4,830.49,837.96,854.35,3332.2,1245.63,1271.98,1280.88,1306.57,5105.06
Bengkulu Selatan,336.52,371.02,346.07,351.1,1404.71,80.13,86.29,89.48,89.51,345.41,571.85,614.56,611.67,621.3,2419.39,988.5,1071.88,1047.22,1061.91,4169.51
Rejang Lebong,527.36,560.85,527.31,536.53,2152.05,135.63,142.17,144.12,145.31,567.24,1038.72,1120.34,1099.34,1123.42,4381.82,1701.72,1823.36,1770.77,1805.26,7101.11
Bengkulu Utara,714.05,695.45,708.35,745.07,2862.92,178.91,189.71,192.75,191.33,752.71,586.67,629.31,628.35,628.19,2472.52,1479.63,1514.48,1529.45,1564.59,6088.15
Kaur,328.92,354.11,337.48,343.04,1363.55,62.39,65.41,68.04,68.29,264.14,234.55,250.41,244.63,250.34,979.94,625.87,669.93,650.15,661.67,2607.62
Seluma,376.41,420.19,380.63,399.39,1576.62,104.23,115.74,116.2,117.24,453.41,281.24,302.86,301.34,307.92,1193.37,761.88,838.79,798.17,824.55,3223.4
Mukomuko,417.33,453.95,437.64,443.89,1752.81,141.88,151.98,153.41,155.48,602.75,358.96,390,376.42,389.34,1514.72,918.17,995.93,967.47,988.71,3870.27
Lebong,267.47,275.69,257.98,261.89,1063.03,80.7,86,89.29,89.8,345.8,239.23,260.62,252.9,259.97,1012.71,587.4,622.31,600.17,611.66,2421.54
Kepahiang,339.57,357.82,345.98,355,1398.37,98.19,104.95,107.82,108.55,419.51,344.73,373.11,362.5,372.41,1452.75,782.49,835.89,816.3,835.95,3270.63
Bengkulu Tengah,351.16,330.28,351.35,385.71,1418.49,143.61,153.22,153.32,156.62,606.77,303.35,324.37,312.18,317.29,1257.18,798.11,807.87,816.85,859.62,3282.44
Kota Bengkulu,335.56,360.06,354.95,346.63,1397.2,331.27,347.43,356,357.07,1391.77,3760.31,4070.03,3871.23,4119.41,15820.97,4427.13,4777.52,4582.18,4823.11,18609.94
Lampung Barat,587.27,629.35,683.52,645.4,2545.55,134.13,140.47,147.85,148.73,571.17,634.47,654.2,664.51,672.94,2626.11,1355.87,1424.02,1495.88,1467.07,5742.84
Tanggamus,1175.77,1409.39,1353.35,1324.94,5263.45,421.5,444.53,459.87,420.06,1745.95,1321.9,1349.92,1372.28,1344.42,5388.51,2919.17,3203.83,3185.49,3089.42,12397.91
Lampung Selatan,1957.01,2676.66,2445.58,2029.02,9108.27,3083.32,3133.33,3327.3,3363.77,12907.73,3137.12,3262.33,3308.65,3352.95,13061.05,8177.45,9072.33,9081.53,8745.74,35077.05
Lampung Timur,3675.01,4524.98,4276.68,3848.46,16325.13,1201.03,1246.43,1357.9,1313.69,5119.05,2528.87,2642.77,2698.54,2725.15,10595.34,7404.91,8414.18,8333.12,7887.3,32039.52
Lampung Tengah,4088.82,5283.77,5164.75,4192.49,18729.83,4630.29,4808.87,5135.94,5053.48,19628.57,4250.02,4345.69,4394.34,4481.27,17471.31,12969.12,14438.32,14695.03,13727.23,55829.71
Lampung Utara,1356.56,1709.81,1608.97,1468.49,6143.83,1011.83,1074.52,1135.49,1152.83,4374.67,1964.06,2045.32,2090.32,2104.2,8203.9,4332.45,4829.65,4834.78,4725.52,18722.4
Way Kanan,863.41,1074.93,1057.44,916.27,3912.05,798.41,809.38,882,869.92,3359.71,933.94,961.45,973.32,989.9,3858.62,2595.76,2845.77,2912.75,2776.09,11130.37
Tulangbawang,1344.49,1687.95,1612.26,1554.05,6198.75,1529.65,1559.78,1660.82,1519.7,6269.96,1393.93,1445.95,1458.04,1459.1,5757.01,4268.07,4693.68,4731.12,4532.85,18225.72
Pesawaran,1102.19,1341.3,1305.92,1109.45,4858.86,791.61,802.08,851.41,853.85,3298.95,1169.18,1226.33,1229.89,1261.46,4886.86,3062.98,3369.72,3387.22,3224.76,13044.68
Pringsewu,396.19,514.02,500.11,459.27,1869.6,573.12,583.62,610.37,620.2,2387.32,1150.07,1188.3,1194.5,1211.37,4744.24,2119.39,2285.94,2304.98,2290.84,9001.15
Mesuji,636.35,832.42,760.66,707.03,2936.47,626.19,649.23,713.46,706.21,2695.09,574.02,592.97,600.85,604.98,2372.83,1836.57,2074.62,2074.96,2018.23,8004.38
Tulang Bawang Barat,561.56,805.07,782.77,621.1,2770.5,816.11,843.15,876.62,890.27,3426.14,693.19,726.05,739.1,746.71,2905.06,2070.86,2374.27,2398.49,2258.09,9101.7
Pesisir Barat,367.56,419.67,413.7,382.76,1583.69,101.22,101.23,104.54,107.63,414.62,340.46,355.06,359.8,364.75,1420.07,809.24,875.97,878.05,855.13,3418.39
Kota Bandar Lampung,636.49,663.65,667.39,620.37,2587.9,3361.95,3472.92,3489.41,3504.02,13828.29,7169.84,7458.57,7448.08,7558.9,29635.39,11168.28,11595.14,11604.89,11683.29,46051.58
Kota Metro,56.57,60.14,61.6,50.04,228.35,269.03,278.92,294.68,291.17,1133.8,873.53,921.32,920.3,931.78,3646.93,1199.13,1260.38,1276.58,1272.99,5009.08
Bangka,880.86,930.1,934.32,998.11,3743.39,860.39,927.09,941.65,977.79,3706.92,1024.67,1099.13,1050.13,1078.14,4252.07,2765.92,2956.32,2926.11,3054.04,11702.39
Belitung,603.16,617.94,608.34,655.85,2485.28,431.32,420.6,443.52,459.7,1755.15,825.33,882.68,831.79,858.5,3398.3,1859.81,1921.22,1883.64,1974.05,7638.73
Bangka Barat,610.8,647.09,670.84,699.18,2627.9,1384.88,1535.82,1577.57,1446.65,5944.92,669.65,707.81,686.38,758.99,2822.83,2665.33,2890.71,2934.79,2904.82,11395.65
Bangka Tengah,459.74,491.72,517.48,549.27,2018.21,254.82,249.03,273.27,278.23,1055.35,856.63,925.72,879.22,920.25,3581.82,1571.19,1666.47,1669.97,1747.75,6655.38
Bangka Selatan,978.28,999.47,1007.66,1040.13,4025.54,201.48,198.86,206.57,211.08,818,459.97,508.34,472.23,482.37,1922.9,1639.73,1706.67,1686.46,1733.58,6766.44
Belitung Timur,615.01,637.21,645.61,680.9,2578.73,388.55,379.84,381.64,396.42,1546.45,504.09,549.63,511.73,517.17,2082.61,1507.65,1566.68,1538.98,1594.49,6207.8
Kota Pangkal Pinang,117.37,117.87,112.21,120.14,467.59,516.79,543.79,653.76,796.55,2510.89,1843.45,1956.58,1854.16,1871.24,7525.43,2477.62,2618.24,2620.12,2787.93,10503.91
Karimun,608.97,596.37,618.72,659.63,2483.7,878.43,923.53,975.8,1000.47,3778.22,1137.13,1192.4,1166.61,1182.53,4678.66,2624.53,2712.3,2761.14,2842.62,10940.58
Bintan,319.64,317.67,312.87,323.03,1273.21,2759.74,2775.62,2944.24,3031.49,11511.08,1128.9,1273.24,1212.78,1294.49,4909.4,4208.27,4366.52,4469.89,4649.01,17693.69
Natuna,2724.04,2573.12,3108.78,3183.38,11589.31,292.15,317.64,330.33,317.75,1257.87,334.7,355.21,358.2,363.35,1411.45,3350.88,3245.96,3797.32,3864.47,14258.64
Lingga,207.87,217.19,219.85,226.41,871.33,173.78,179.41,179.36,186.6,719.16,421.69,452.5,434.35,458.38,1766.92,803.35,849.11,833.57,871.38,3357.41
Kepulauan Anambas,2126.77,2037.33,2317.04,2457.73,8938.87,187.13,190.64,194.65,196.47,768.89,202.14,220.71,208.07,214.5,845.42,2516.04,2448.68,2719.76,2868.7,10553.18
Kota Batam,255.2,268.04,271.74,268.09,1063.06,26362.86,25933.83,26076.32,27232.83,105605.84,6758.46,7266.22,7177.97,7640.04,28842.69,33376.52,33468.08,33526.03,35140.96,135511.59
Kota Tanjung Pinang,28.9,29.4,29.3,30,117.61,1347.12,1348.44,1340.02,1465.05,5500.62,2482.46,2632.66,2498.18,2663.22,10276.53,3858.48,4010.51,3867.5,4158.27,15894.76
Kep. Seribu,591.49,567.73,539.65,583.9,2282.78,69.36,69.35,71.19,73.31,283.21,168.44,176.66,176.9,180.51,702.51,829.29,813.74,787.74,837.72,3268.5
Kota Jakarta Selatan,59.54,59.22,58.89,58.97,236.63,14455.01,14533.55,15053.15,15778.01,59819.71,108445.98,110283.9,109420.98,112215.48,440366.34,122960.53,124876.67,124533.02,128052.45,500422.68
Kota Jakarta Timur,64.47,63.86,63.71,63.86,255.9,32647.52,32415.79,33393.75,34431.36,132888.43,55899.02,56995.66,57363.77,58665.35,228923.8,88611.01,89475.31,90821.23,93160.57,362068.12
Kota Jakarta Pusat,8.4,7.78,7.89,8.29,32.36,11758.05,11842.26,12201.62,12655.59,48457.52,119205.21,121697.04,120421.82,122792.93,484117,130971.66,133547.08,132631.32,135456.81,532606.87
Kota Jakarta Barat,58.02,57.37,57.71,58.18,231.28,16465.41,16503.95,16971.01,17699.7,67640.06,77455.38,78598.91,78644.1,80543.35,315241.74,93978.81,95160.23,95672.81,98301.23,383113.08
Kota Jakarta Utara,123.53,113.91,120.49,127.64,485.57,41828.8,41809.28,42782.06,44006.31,170426.45,51286.68,52151.44,52491.24,53619.72,209549.08,93239.01,94074.64,95393.78,97753.66,380461.09
Bogor,3065.47,3048.46,3098.07,3166.6,12378.6,28367.38,28629.29,29204.17,29604.53,115805.38,13882.45,14362.67,14340.79,15112.45,57698.36,45315.3,46040.42,46643.03,47883.58,185882.34
Sukabumi,3104.99,3410.85,3316.68,3343.29,13175.81,4221.96,4250.84,4341.03,4291.57,17105.4,6186.86,6341.94,6388.03,6525.88,25442.71,13513.81,14003.63,14045.75,14160.73,55723.92
Cianjur,2358.06,3218.69,3039.16,2093.63,10709.54,1552.91,1529.84,1574.96,1386.35,6044.05,5257.41,5412.63,5288.08,5496.46,21454.59,9168.37,10161.16,9902.21,8976.44,38208.18
Bandung,1654.56,1835.35,1667.14,2041.74,7198.79,13750.96,14538.83,14774.05,14407.4,57471.24,8003.28,8215.63,8228.89,8392.09,32839.88,23408.79,24589.81,24670.08,24841.23,97509.91
Garut,3428.81,3798.63,3749.76,3713.16,14690.37,1904.67,1895.34,1944.05,1885.18,7629.25,5855.66,5981.91,5994.87,6118.86,23951.3,11189.14,11675.88,11688.68,11717.21,46270.92
Tasikmalaya,2037.95,2357.54,2303.66,2353.91,9053.07,1246.65,1286.89,1334.35,1318.75,5186.64,3536.64,3655.92,3618.23,3829.18,14639.98,6821.25,7300.36,7256.24,7501.83,28879.68
Ciamis,1038.76,1186.23,1167.48,1254.13,4646.6,1113.52,1106,1121.61,1130.24,4471.36,4224.54,4338.75,4343.43,4336.25,17242.97,6376.82,6630.99,6632.51,6720.61,26360.94
Kuningan,877.27,1004.89,979.91,1044.96,3907.03,554.21,551.73,564.29,582.25,2252.48,3516.18,3514.54,3589.74,3727.31,14347.76,4947.65,5071.16,5133.94,5354.52,20507.27
Cirebon,1047.36,1372.2,1317.75,1378.2,5115.51,3110.45,3054.66,3150.39,3150.44,12465.94,5300.88,5459.91,5439.93,5636.09,21836.82,9458.69,9886.77,9908.08,10164.74,39418.27
Majalengka,1036.16,1188.39,1179.54,1115.17,4519.26,2528.15,2547.59,2775.06,2721.09,10571.9,2986.63,3131.37,3070.74,3159.03,12347.78,6550.95,6867.35,7025.34,6995.29,27438.93
Sumedang,1013.94,1452.94,1170.27,1057.74,4694.89,1867.56,1990.86,2120.01,2203.8,8182.22,3624.2,3800.31,3783.16,3880.99,15088.66,6505.7,7244.11,7073.43,7142.52,27965.76
Indramayu,3176.17,4436.28,3903.2,4094.59,15610.24,8755.82,8877.18,8993.42,9147.25,35773.67,4204.56,4320.34,4326.14,4467,17318.05,16136.56,17633.8,17222.77,17708.84,68701.96
Subang,2331.17,2791.58,2574.18,2824.86,10521.79,1816.3,1790.17,1880.7,1892.32,7379.5,3742.97,3773.68,3802.28,3906.24,15225.17,7890.45,8355.43,8257.16,8623.42,33126.46
Purwakarta,612.84,774.34,746.07,782.05,2915.29,8838.34,8751.5,8953.97,9056.44,35600.26,3795.79,3886.73,3889.07,4055.14,15626.74,13246.97,13412.58,13589.12,13893.63,54142.29
Karawang,1787.51,2157.69,2109.09,1962.98,8017.28,38071.99,36259.07,37440.61,36437.41,148209.09,9466.54,9622.59,9727.4,9860.2,38676.73,49326.04,48039.36,49277.11,48260.59,194903.1
Bekasi,990.16,1148.18,1136.21,1245.36,4519.91,60892.38,61454.06,62539.47,63619.89,248505.8,9918.85,10056.57,9988.14,10675.52,40639.08,71801.4,72658.81,73663.81,75540.77,293664.79
Bandung Barat,1072.33,1128.11,1127.15,1127.71,4455.3,4490.73,4511.98,4517.08,4611.97,18131.76,3418.53,3526.58,3594.98,3666.54,14206.63,8981.58,9166.67,9239.21,9406.22,36793.68
Pangandaran,493.65,583.01,514.05,521.24,2111.94,316.68,322.93,326.37,324.68,1290.66,1466.08,1493.24,1482.2,1480.19,5921.71,2276.4,2399.18,2322.62,2326.11,9324.31
Kota Bogor,66.53,68.53,66.34,77.84,279.23,3026.81,2986.79,3044.49,3012.82,12070.91,6429.47,6602.28,6659.01,6923.76,26614.53,9522.81,9657.6,9769.84,10014.42,38964.67
Kota Sukabumi,76.46,84.13,82.46,85.94,329,303.44,306.94,316.79,319.03,1246.2,2135.34,2178.57,2190.81,2223.24,8727.96,2515.24,2569.64,2590.06,2628.21,10303.16
Kota Bandung,39,44.54,42.56,50.06,176.16,14829.89,15029.63,15200.15,14977.57,60037.25,42033.34,42994.22,43143.59,44669.24,172840.38,56902.23,58068.39,58386.3,59696.88,233053.79
Kota Cirebon,9.66,9.61,9.49,10.16,38.91,1029.09,1028.58,1051.98,1048.9,4158.55,3816.94,3946.93,3947.14,3975.59,15686.6,4855.68,4985.12,5008.61,5034.65,19884.06
Kota Bekasi,93.38,104.44,102.87,94.51,395.2,9182.5,9161.96,9399.03,9266.04,37009.54,10767.08,11082.85,10859.26,11137.69,43846.87,20042.96,20349.25,20361.16,20498.24,81251.61
Kota Depok,152.97,163.01,160.92,166.14,643.05,7271.52,7382.7,7463.18,7413.41,29530.81,6862.28,7020.33,7023.33,7162.05,28067.99,14286.77,14566.05,14647.43,14741.6,58241.86
Kota Cimahi,7.83,9.69,9,9.43,35.95,3797.57,3807.82,3847.51,3811.76,15264.65,2889.3,3048.51,3010.72,3047.8,11996.33,6694.7,6866.02,6867.22,6868.98,27296.93
Kota Tasikmalaya,158.55,208.35,198.74,204.95,770.6,1332.35,1328.02,1345.57,1392.29,5398.22,3026.68,3112.78,3124.79,3276.81,12541.05,4517.58,4649.14,4669.1,4874.05,18709.87
Kota Banjar,100.87,116.99,109.79,104.46,432.11,187.93,184.89,203.3,204.42,780.55,631.32,642.4,668.42,729.19,2671.32,920.12,944.28,981.51,1038.07,3883.98
Cilacap,2355.51,2786.2,2719.96,2211.53,10073.19,17975.69,18274.25,18345.87,17620.68,72216.5,5446.05,5540.31,5619.86,5644.76,22250.98,25777.25,26600.76,26685.69,25476.97,104540.67
Banyumas,1662.73,1827.96,1789.3,1601.69,6881.68,4281.52,4188.31,4331.06,4421.06,17221.95,5796.39,5882.68,5918.66,6094.35,23692.08,11740.64,11898.95,12039.02,12117.09,47795.71
Purbalingga,1301.72,1416.68,1394.63,1420.68,5533.72,1653.76,1670.88,1728.66,1745.89,6799.2,1978.85,2019.71,2020.19,2070.93,8089.69,4934.34,5107.27,5143.48,5237.51,20422.61
Banjarnegara,1378.19,1438.69,1445,1380.72,5642.59,953.03,935.06,992.56,1023.94,3904.6,2094.91,2117.9,2123.49,2168.35,8504.65,4426.13,4491.65,4561.05,4573.01,18051.84
Kebumen,1288,1405.15,1390.85,1192.7,5276.7,1674.22,1650.38,1746.2,1785.69,6856.48,2874.36,2924.63,2929.03,2976.63,11704.65,5836.58,5980.16,6066.08,5955.02,23837.83
Purworejo,748.28,793.01,773.49,697.77,3012.55,1042.41,1056.13,1101.95,1131.93,4332.41,2048.01,2112.52,2091.07,2149.42,8401.02,3838.7,3961.66,3966.5,3979.12,15745.98
Wonosobo,1087.41,1246.84,1248.57,1118.16,4700.98,934.66,927.88,950.5,954.51,3767.55,1844.83,1887.54,1933.81,1974.66,7640.85,3866.9,4062.26,4132.89,4047.33,16109.38
Magelang,1367.49,1377.87,1419.74,1389.07,5554.17,2192.68,2216.08,2252.52,2311.36,8972.64,3173.41,3275.02,3250.52,3312.45,13011.4,6733.57,6868.98,6922.78,7012.88,27538.21
Boyolali,1503.77,1501.62,1519.01,1472.32,5996.72,2569.84,2575.67,2608.51,2632.77,10386.78,2697.07,2751.11,2797.68,2926.82,11172.69,6770.67,6828.4,6925.2,7031.91,27556.18
Klaten,880.81,1039.95,1016.09,958.2,3895.04,3498.66,3517.36,3579.34,3660.28,14255.64,3765.59,3842.75,3847.52,3962.38,15418.24,8145.05,8400.06,8442.95,8580.86,33568.92
Sukoharjo,547.47,622.44,626.92,630.68,2427.52,3428.38,3414.04,3434.49,3458.92,13735.84,3918.09,3988.39,4012.94,4104.64,16024.06,7893.95,8024.88,8074.35,8194.24,32187.41
Wonogiri,1840.13,1910.89,1800.63,1503.37,7055.03,1505.02,1487.84,1533.71,1570.84,6097.41,2800.7,2900.42,2908.75,2966.38,11576.25,6145.86,6299.16,6243.09,6040.58,24728.69
Karanganyar,924.51,997.43,959.12,903.27,3784.32,4134.64,4129.49,4166,4310.35,16740.48,2766.51,2855.33,2813.3,2923.16,11358.3,7825.66,7982.25,7938.42,8136.77,31883.1
Sragen,1162.82,1192.78,1160.41,1185.38,4701.4,3411.04,3395.27,3480.15,3494.27,13780.74,3334.3,3397.34,3399.12,3471.18,13601.94,7908.15,7985.4,8039.69,8150.84,32084.08
Grobogan,1778.53,1585.6,1544.13,1111.95,6020.21,1089.08,1096.74,1136.65,1137.36,4459.83,3203.12,3265.47,3284.97,3357.45,13111.01,6070.73,5947.81,5965.75,5606.77,23591.06
Blora,1899.15,2080.26,1943.13,1769.14,7691.69,713.07,709.48,732.67,743.11,2898.33,2245.48,2296.26,2295.4,2348.9,9186.04,4857.7,5086,4971.21,4861.15,19776.06
Rembang,1010.07,976.99,1047.15,1001.33,4035.55,1284.58,1261.62,1301.11,1301.81,5149.11,1727.76,1758.01,1772.97,1805.17,7063.91,4022.41,3996.62,4121.23,4108.32,16248.58
Pati,2071.35,2174.62,2254.27,1878.43,8378.66,3239.33,3219.92,3266.12,3369.42,13094.79,3794.05,3847.6,3805.8,3859.84,15307.29,9104.73,9242.13,9326.19,9107.69,36780.74
Kudus,504.4,501.79,521.84,436.79,1964.82,15419.55,14734.7,14347.33,14869.4,59370.98,3356.93,3422.37,3398.56,3497.13,13674.99,19280.89,18658.86,18267.73,18803.32,75010.79
Jepara,756.36,823.9,850.77,725.89,3156.92,2500.61,2521.25,2542.03,2554.8,10118.7,2983.2,3042.17,3053.61,3127.47,12206.44,6240.18,6387.32,6446.41,6408.16,25482.07
Demak,1072.93,909.05,935.97,811.95,3729.9,2141.56,2221.22,2260.76,2295.34,8918.88,2251.36,2302.87,2329.08,2362.49,9245.81,5465.85,5433.15,5525.81,5469.78,21894.6
Semarang,966.79,1027.47,1018.63,976.35,3989.23,5117.34,5128.99,5262.28,5432.48,20941.09,4038.92,4120.86,4156.66,4282.64,16599.07,10123.05,10277.32,10437.57,10691.47,41529.4
Temanggung,930.04,1031.01,910.19,805.26,3676.51,1326.34,1339.15,1368.04,1397.93,5431.45,2151.14,2179.52,2189.43,2227.54,8747.64,4407.52,4549.68,4467.67,4430.73,17855.6
Kendal,1710.25,1821.92,1822.27,1653.22,7007.67,4219.43,4202.35,4345.51,4415.92,17183.2,3150.25,3250.31,3241.35,3368.65,13010.57,9079.94,9274.58,9409.13,9437.79,37201.45
Batang,828.76,876.56,919.95,886.46,3511.73,1824.45,1850.9,1919.2,1994.62,7589.17,1851.58,1900.57,1910.73,1929.44,7592.32,4504.79,4628.03,4749.87,4810.53,18693.22
Pekalongan,797.58,845.69,862.65,763.79,3269.71,1779.51,1727.77,1776.08,1857.73,7141.09,2178.75,2201.36,2214.41,2277.74,8872.26,4755.85,4774.82,4853.14,4899.26,19283.06
Pemalang,1248.64,1502.23,1601.99,1401.4,5754.26,1348.56,1349.81,1381.86,1382.34,5462.58,2593.35,2645.11,2656.22,2666.54,10561.23,5190.55,5497.14,5640.08,5450.29,21778.06
Tegal,1023.9,1090.37,1084.21,1003.79,4202.28,2954.85,2911.95,2996.36,3066.32,11929.48,3263.57,3316.89,3333.33,3398.83,13312.62,7242.33,7319.22,7413.91,7468.93,29444.38
Brebes,3087.58,3142.73,3157.53,2961.45,12349.29,2003.2,1993.35,2118.75,2137.5,8252.79,4384.75,4503.15,4505.82,4551.18,17944.9,9475.53,9639.23,9782.1,9650.13,38546.98
Kota Magelang,29.41,31.58,28.38,29.42,118.79,546.71,554.92,580.29,601.38,2283.31,1284.69,1318.97,1310.36,1352.68,5266.7,1860.8,1905.47,1919.03,1983.49,7668.79
Kota Surakarta,41.98,36.01,33.7,41.94,153.63,2982.59,3094.68,3284.92,3392.03,12754.23,7333.91,7454.54,7462.75,7738.26,29989.45,10358.48,10585.24,10781.37,11172.23,42897.32
Kota Salatiga,117.06,129.15,114.85,118.94,480,1198.72,1191.75,1235.54,1249.55,4875.57,1510.71,1539.82,1534.25,1564.71,6149.48,2826.48,2860.72,2884.64,2933.2,11505.05
Kota Semarang,338.31,357,338.92,336.06,1370.28,20378.56,20382.56,21463.59,22681.96,84906.66,20704.63,21051.5,21308.49,21606.15,84670.78,41421.5,41791.06,43110.99,44624.17,170947.72
Kota Pekalongan,88.18,97.13,97.56,99.39,382.25,743.1,757.85,750.84,777.64,3029.44,1339.9,1378.9,1381.75,1416.56,5517.11,2171.18,2233.89,2230.15,2293.59,8928.8
Kota Tegal,137.23,153.81,161.06,135.41,587.51,1010.3,1014.44,1040.38,1074.96,4140.07,2056.14,2081.76,2090.45,2163.76,8392.11,3203.67,3250,3291.88,3374.14,13119.7
Kulon Progo,364.22,358.5,358.39,348.2,1429.31,674.6,684.26,709.1,722.71,2790.68,1519.82,1554.52,1548.54,1583.36,6206.24,2558.64,2597.28,2616.03,2654.28,10426.23
Bantul,638.42,607.3,586.15,543.67,2375.54,1225.18,1274.03,1330.97,1461.4,5291.59,3753.31,3800.19,3804.44,3939.59,15297.53,5616.91,5681.52,5721.57,5944.66,22964.66
Gunung Kidul,847.78,903.33,814.51,677.8,3243.42,713.37,731.93,775.81,810.62,3031.73,2514.86,2551.3,2528.21,2636.91,10231.27,4076.01,4186.56,4118.53,4125.33,16506.42
Sleman,682.7,666.52,644.76,559.95,2553.93,2387.29,2437.36,2545.3,2622.67,9992.62,7182.48,7216.85,7158.44,7455.22,29012.99,10252.48,10320.73,10348.5,10637.83,41559.54
Kota Yogyakarta,10.81,10.69,10.57,10.88,42.95,1430.44,1483.11,1485.63,1530.4,5929.58,6614.21,6702.23,6708.58,6966.8,26991.82,8055.46,8196.02,8204.78,8508.08,32964.35
Pacitan,797.69,966.66,1016.42,728,3508.77,713.54,721.05,747.52,757.05,2939.16,1548.27,1578.59,1584.59,1616.44,6327.88,3059.5,3266.3,3348.53,3101.49,12775.82
Ponorogo,816.87,1115.2,1211.02,778.07,3921.17,762.42,760.15,774,803.3,3099.87,2374.49,2405.29,2394.49,2427.47,9601.74,3953.78,4280.65,4379.51,4008.84,16622.78
Trenggalek,817.43,1001.21,1105.88,973.73,3898.25,980.43,956.86,1006.51,1044.92,3988.71,1711.16,1754.44,1747.17,1781.82,6994.59,3509.02,3712.51,3859.56,3800.46,14881.55
Tulungagung,1142.26,1573.59,1667.66,1202.32,5585.82,2545.05,2508.36,2614.66,2679.51,10347.58,3847.76,3925.75,3960.6,4036.38,15770.49,7535.06,8007.7,8242.93,7918.2,31703.89
Blitar,1973.65,2542.37,2275.68,1916.22,8707.92,1791.09,1791.96,1849.6,1894.24,7326.89,3291.65,3364.98,3347.03,3455.32,13458.99,7056.4,7699.31,7472.31,7265.78,29493.8
Kediri,1425.55,1680.03,2067.77,1482.37,6655.72,2561.25,2636.73,2744.78,2837.77,10780.53,3972.67,4066.97,4105.87,4205.88,16351.39,7959.47,8383.72,8918.42,8526.02,33787.64
Malang,2532.31,3089.95,3254.15,2814.53,11690.94,8772.51,8518.27,8646.92,8925.36,34863.04,8061.98,8193.26,8232.24,8459.43,32946.91,19366.79,19801.48,20133.31,20199.32,79500.89
Lumajang,1821.7,2360.19,2333.24,1936.39,8451.53,1978.92,1976.91,2038.21,2138.17,8132.2,2293.92,2334.21,2346.1,2371.96,9346.19,6094.54,6671.31,6717.55,6446.52,25929.92
Jember,3521.09,4910.63,5488.51,3814.64,17734.87,4488.24,4428.17,4578.83,4729.78,18225.02,6636.14,6696.52,6735.28,6869.33,26937.28,14645.47,16035.33,16802.63,15413.74,62897.17
Banyuwangi,4329.76,5367.35,5458.89,4904.98,20060.98,4231.35,4199.68,4300.49,4460.81,17192.32,6429.77,6569.91,6558.22,6882.37,26440.27,14990.88,16136.94,16317.59,16248.16,63693.57
Bondowoso,858.19,1296.97,1145.75,953.11,4254.01,1308.99,1293.98,1310.42,1350.14,5263.53,1545.86,1574.08,1553.9,1617.88,6291.72,3713.04,4165.03,4010.07,3921.13,15809.26
Situbondo,984.11,1194.75,1253.27,884.04,4316.17,1065.49,1063.92,1083.18,1106.59,4319.18,1737.85,1778.31,1767.4,1822.84,7106.41,3787.45,4036.98,4103.86,3813.47,15741.75
Probolinggo,1678.27,2529.56,2305.1,1957.2,8470.13,2446.63,2421.91,2446.68,2501.42,9816.64,2189.19,2219.41,2196.69,2261.04,8866.32,6314.09,7170.88,6948.47,6719.65,27153.09
Pasuruan,1296.79,1820.07,1827.97,1526.92,6471.76,22419.28,22338.03,22871.11,23402.25,91030.67,6831.59,6967.71,6985.08,7336,28120.39,30547.67,31125.82,31684.16,32265.17,125622.82
Sidoarjo,630.89,788.61,797.89,590.04,2807.44,25560.6,25579.45,26160.85,26052.14,103353.03,15457.15,15867.82,15944.6,16437.76,63707.33,41648.64,42235.88,42903.34,43079.94,169867.8
Mojokerto,831.26,1431.11,1567.08,872.93,4702.38,11382.34,11302.87,11553.01,11657.31,45895.53,4884.55,4970.91,4972.73,5101.55,19929.73,17098.15,17704.9,18092.81,17631.78,70527.65
Jombang,978.72,1351.45,1572.52,942.21,4844.91,2602.65,2639.37,2751.13,2747.21,10740.36,4313.97,4423.45,4457.18,4450.61,17645.22,7895.34,8414.28,8780.83,8140.03,33230.48
Nganjuk,1473.28,1522.75,1673.42,1127.8,5797.25,1404.57,1385.91,1420.19,1458.24,5668.92,2491.49,2571.53,2515.77,2569.94,10148.74,5369.35,5480.19,5609.38,5155.99,21614.91
Madiun,751.49,918.72,1188.94,834.66,3693.81,1003.26,967.43,1078.37,1109.09,4158.15,1900.2,1925.95,1918.2,1996.89,7741.24,3654.95,3812.1,4185.51,3940.64,15593.2
Magetan,875.25,940.87,1051.76,932.83,3800.71,808.56,791.52,816.93,809.98,3226.99,1995.01,2070.68,2064.1,2102.36,8232.16,3678.83,3803.06,3932.79,3845.18,15259.86
Ngawi,927.25,951.52,1334.24,1169.47,4382.49,739.88,731.59,775.21,815.96,3062.64,1993.66,2036.36,2026.7,2094.12,8150.84,3660.79,3719.48,4136.15,4079.55,15595.97
Bojonegoro,8760.5,9677.25,9149.14,9205.19,36792.08,2214.11,2226.99,2309.44,2369.24,9119.77,4559.19,4639.93,4599.9,4656.55,18455.57,15533.79,16544.16,16058.48,16230.99,64367.43
Tuban,3015.71,3092.57,3089.67,2878.38,12076.33,5786.13,5103.22,5545.11,6029.04,22463.5,4254.12,4315.29,4332.93,4471.24,17373.59,13055.96,12511.09,12967.71,13378.65,51913.41
Lamongan,2164.74,2789.27,2517.13,1611.66,9082.8,1896.47,1840.78,1884.92,2005.26,7627.43,3853.18,3884.49,3790.95,3947.11,15475.73,7914.39,8514.54,8193,7564.02,32185.95
Gresik,3890.94,3973.07,3885.58,3335.18,15084.78,17504.17,17808.78,18247.8,18426.36,71987.11,7858.82,8037.99,8087.07,8218.65,32202.53,29253.93,29819.85,30220.45,29980.19,119274.42
Bangkalan,1548.5,1580.91,1614.8,1290.53,6034.74,765.71,773.86,809.95,847.95,3197.47,2009.74,2071.03,2083.38,2101.15,8265.29,4323.94,4425.81,4508.12,4239.63,17497.5
Sampang,1562.23,1628.27,1610.42,1228.7,6029.63,613.74,616.03,628.41,638.11,2496.3,1551.04,1606.36,1606.05,1635.91,6399.37,3727.01,3850.67,3844.88,3502.73,14925.3
Pamekasan,1016.36,1131.31,1020.5,811.17,3979.35,597.05,582.29,637.35,659.63,2476.31,1658.79,1696.09,1697.71,1737,6789.59,3272.2,3409.69,3355.56,3207.8,13245.25
Sumenep,3267.75,3666.55,3905.04,2896.32,13735.67,956.02,972.89,1011.09,1186.2,4126.21,2298.95,2327.29,2354.94,2391.33,9372.51,6522.73,6966.74,7271.07,6473.85,27234.39
Kota Kediri,35.22,60.34,56.35,47.3,199.2,19067.1,18159.39,18737.49,18700.27,74664.25,4941.38,4921.22,4915.77,5132.26,19910.63,24043.69,23140.95,23709.61,23879.83,94774.08
Kota Blitar,18.92,37.87,34.26,17.07,108.12,223.33,227.06,234.82,239.57,924.77,1153.73,1181.49,1179.6,1198.69,4713.51,1395.97,1446.41,1448.68,1455.33,5746.4
Kota Malang,34.13,37.74,35.49,35.95,143.31,5584.23,5710.73,5814.24,5988.38,23097.58,9809.78,9973.66,10110.33,10238.63,40132.4,15428.14,15722.13,15960.07,16262.97,63373.3
Kota Probolinggo,92.48,132.1,136.16,114.21,474.96,504.32,517.47,552.57,555.33,2129.69,1768.76,1813.7,1832.73,1873.43,7288.62,2365.56,2463.27,2521.47,2542.97,9893.27
Kota Pasuruan,33.83,31.95,34.87,35.73,136.38,420.09,420.57,439.13,457.05,1736.85,1252.71,1265.1,1295.26,1312.44,5125.51,1706.63,1717.62,1769.27,1805.22,6998.74
Kota Mojokerto,3.47,9.01,4.15,6.74,23.37,263.31,260.94,272.36,278.93,1075.54,1124.79,1154.42,1146.19,1162.49,4587.88,1391.57,1424.36,1422.7,1448.16,5686.79
Kota Madiun,11.22,26.1,28.32,16.84,82.48,654.56,626.3,626.17,679.48,2586.52,2393.02,2425.76,2448.45,2502.69,9769.92,3058.81,3078.16,3102.94,3199,12438.92
Kota Surabaya,137.66,168.65,127.71,125.35,559.36,34743.17,34972.68,36477.92,36911.98,143105.76,83629.54,84909.88,85971.7,87272.66,341783.77,118510.36,120051.21,122577.33,124309.99,485448.89
Kota Batu,421.11,444.2,420.12,420.18,1705.61,574.81,603.99,620.42,587.95,2387.16,2274.43,2409.61,2387.01,2424.32,9495.37,3270.35,3457.79,3427.55,3432.45,13588.14
Pandeglang,1828.38,1972.01,1880.75,1774.47,7455.61,846.76,838.16,832.16,870.08,3387.16,2769.42,2817.94,2748.41,2750.06,11085.83,5444.55,5628.11,5461.32,5394.61,21928.59
Lebak,1591.03,1659.35,1664.94,1564.31,6479.63,1233.32,1215.11,1228.25,1232.19,4908.86,2987.32,3047.19,2987.55,2966.69,11988.74,5811.67,5921.65,5880.74,5763.19,23377.24
Tangerang,1425.84,1529.64,1525.35,1496.97,5977.8,14180.92,14161.62,14633.11,15024.49,58000.15,12220.81,12560.84,12563.49,12675.12,50020.26,27827.58,28252.11,28721.94,29196.58,113998.21
Serang,1236.46,1328.56,1285.42,1304.39,5154.83,9437.08,9261.46,9371.21,9846.48,37916.24,4942.99,5045.22,5047.05,5149.01,20184.27,15616.53,15635.24,15703.68,16299.89,63255.33
Kota Tangerang,470.07,480.03,474.86,477.75,1902.72,12969.18,12939.4,13030.61,13248.53,52187.72,17172.97,17684.06,17934.09,18178.77,70969.88,30612.22,31103.49,31439.56,31905.05,125060.32
Kota Cilegon,43.61,48.28,47.87,41.08,180.85,15226.32,15183.01,15657.06,16147.04,62213.41,6393.03,6615.63,6637.94,6587.25,26233.85,21662.96,21846.92,22342.87,22775.37,88628.11
Kota Serang,292.43,302.25,299.04,291.25,1184.97,1535.14,1507.49,1511.29,1579.37,6133.3,4808.27,4869.63,4866.05,5000.86,19544.81,6635.84,6679.36,6676.39,6871.48,26863.08
Kota Tangerang Selatan,28.32,29.1,28.37,28.08,113.87,3961.69,3858.48,3900.57,3975.87,15696.61,14044.83,14326.57,14359.72,14511.24,57242.36,18034.84,18214.15,18288.67,18515.19,73052.84
Jembrana,493.76,529.06,532.74,599.63,2155.19,370.52,376.57,384.86,393.43,1525.37,1503.45,1569.74,1587.25,1624.22,6284.67,2367.73,2475.37,2504.85,2617.29,9965.23
Tabanan,859.04,910.12,863.34,871.55,3504.05,624.37,642.52,658.48,679.48,2604.85,2365.84,2552.01,2553.06,2656.19,10127.1,3849.25,4104.64,4074.88,4207.22,16236
Badung,627.02,663.43,635.91,658.11,2584.46,1355.5,1384.16,1430.1,1495.46,5665.23,6855.93,7401.97,7534.05,7625.69,29417.65,8838.46,9449.56,9600.06,9779.26,37667.34
Gianyar,576.34,597.21,585.63,601.41,2360.59,1160.26,1168.49,1177.33,1275.27,4781.36,3019.03,3157.73,3193.69,3383.96,12754.4,4755.63,4923.43,4956.65,5260.64,19896.35
Klungkung,352.01,364.09,361.42,363.08,1440.6,297.83,303.71,311.28,319.43,1232.26,870.75,918.2,921.07,965.67,3675.68,1520.59,1586,1593.76,1648.19,6348.54
Bangli,305.4,310.43,312.93,312.15,1240.9,206.27,214.01,212.31,221.1,853.69,649.3,708.16,695.5,729.13,2782.09,1160.97,1232.6,1220.73,1262.38,4876.68
Karangasem,769.36,819.25,807.76,849.14,3245.51,327.48,329.63,338.36,347.18,1342.65,1684.3,1783.71,1776.94,1830.19,7075.15,2781.14,2932.59,2923.06,3026.51,11663.31
Buleleng,1112.87,1179.3,1200.51,1254.34,4747.02,896.33,912.65,953.33,977.15,3739.46,3759.22,4025.48,4030.23,4152.41,15967.34,5768.42,6117.43,6184.07,6383.9,24453.82
Kota Denpasar,513.25,520.1,520.75,528.9,2083.01,1677.65,1722.38,1755.42,1777.24,6932.7,6799.74,7349.58,7323.65,7512.54,28985.51,8990.65,9592.06,9599.82,9818.69,38001.22
Lombok Barat,739.78,818.49,837.75,695.24,3091.27,506.26,472.08,498.04,522.87,1999.25,1576.1,1696.46,1669.16,1690.88,6632.6,2822.13,2987.04,3004.94,2909,11723.12
Lombok Tengah,927.27,1023.94,1094.51,917.02,3962.74,666.49,673.03,894.03,795.78,3029.33,1578.62,1702.73,1694.28,1656.32,6631.95,3172.37,3399.71,3682.82,3369.12,13624.03
Lombok Timur,1205.84,1299.69,1479.95,1331.23,5316.72,624.86,641.4,1016.29,869.98,3152.53,1821.44,1973.59,1949.74,1946.28,7691.05,3652.13,3914.69,4445.98,4147.49,16160.3
Sumbawa,1092.59,1274.57,1240.32,1037.87,4645.35,428.92,431.66,458.75,479.97,1799.31,1141.59,1226.46,1213.18,1243.93,4825.17,2663.11,2932.69,2912.26,2761.77,11269.83
Dompu,546.74,619.95,562.15,501.7,2230.55,155.92,148.76,153.39,161.06,619.13,630.28,671.82,661.56,666.58,2630.24,1332.94,1440.53,1377.1,1329.34,5479.92
Bima,1009.08,1154.57,1054.17,945.46,4163.27,195.7,188.38,190.13,196.15,770.36,951.46,1012.32,1000.32,986.48,3950.58,2156.24,2355.27,2244.61,2128.09,8884.21
Sumbawa Barat,4731.76,4846.5,4324,3920.04,17822.29,205.27,177.74,172.46,172.57,728.03,453.08,487.07,484.75,482.88,1907.79,5390.11,5511.31,4981.21,4575.48,20458.11
Lombok Utara,330.32,388.88,379.8,311.8,1410.8,111.07,103.63,109.33,115.51,439.55,433.9,466.88,471.13,477.71,1849.61,875.29,959.39,960.27,905.02,3699.96
Kota Mataram,130.27,136.11,128.38,124.44,519.2,772.18,755.73,730.59,762.67,3021.18,2831.71,2958.78,2899.48,2952.41,11642.39,3734.17,3850.63,3758.44,3839.52,15182.76
Kota Bima,100.5,121.36,123.92,98.85,444.63,96.43,96.38,103.85,104.98,401.64,588.14,625.64,617.41,624.84,2456.03,785.08,843.38,845.17,828.68,3302.3
Sumba Barat,103.85,114.83,109.61,110.24,438.53,32.29,34.87,36.47,39.05,142.68,254.56,258.13,254.53,264.3,1031.52,390.7,407.83,400.6,413.6,1612.73
Sumba Timur,255.16,279.49,270.7,274.68,1080.03,138.81,146.13,157.89,173.2,616.03,636.13,675.5,657.71,737.1,2706.44,1030.1,1101.12,1086.3,1184.98,4402.5
Kupang,533.31,567.2,568.26,578.09,2246.86,177.66,187.78,195.12,214.54,775.09,556.52,590.53,583.24,629.47,2359.76,1267.49,1345.51,1346.61,1422.11,5381.72
Timor Tengah Selatan,562.8,631.62,606.93,629.78,2431.14,105.56,114.34,120.64,123.47,464.01,587.02,620.8,606.84,662.72,2477.38,1255.38,1366.76,1334.41,1415.97,5372.52
Timor Tengah Utara,329.67,361.28,347.74,358.13,1396.82,78,83.82,89.8,97.75,349.37,351.86,371.72,367.8,387.54,1478.93,759.53,816.82,805.35,843.43,3225.12
Belu,189.15,212.45,202.28,209.6,813.49,67.3,73.15,79.53,82.98,302.96,537.11,560.79,559.3,588.09,2245.29,793.55,846.4,841.11,880.68,3361.74
Alor,180.32,194.58,187.71,187.76,750.37,62.49,66.04,70.52,74.18,273.23,304.72,321.66,317.41,318.64,1262.42,547.52,582.28,575.65,580.57,2286.02
Lembata,104.88,117.08,110.58,112.48,445.03,20.63,22.11,23.43,24.24,90.41,178.15,187.16,181.24,200.65,747.2,303.66,326.35,315.26,337.37,1282.63
Flores Timur,264.92,286.79,278.08,283.64,1113.44,53.05,57.65,61.15,65.41,237.26,587.21,627.39,596.34,635.05,2445.99,905.17,971.84,935.58,984.1,3796.69
Sikka,331.18,360.16,350.52,359.14,1401.01,62.99,65.58,68.2,70.85,267.62,508.4,531.43,520.51,534.91,2095.26,902.57,957.17,939.24,964.9,3763.88
Ende,325.31,357.74,344.1,355.52,1382.67,123.12,131.07,131.96,139.35,525.51,643.2,681.67,687.7,710.03,2722.61,1091.64,1170.48,1163.77,1204.9,4630.78
Ngada,211.08,233.77,225.46,230.76,901.07,86.74,90.83,96.31,115.97,389.85,313,329.02,319.39,330.91,1292.31,610.82,653.61,641.16,677.64,2583.24
Manggarai,189.33,210.84,196.31,201.42,797.89,106.39,116.88,121.54,130.14,474.95,476.78,519.24,552.57,576.92,2125.52,772.5,846.96,870.42,908.48,3398.36
Rote Ndao,243.96,271.03,259.22,266.55,1040.76,32.04,33.51,35.21,38.62,139.38,232.42,251.2,241.93,263.43,988.98,508.42,555.74,536.36,568.6,2169.12
Manggarai Barat,250.75,283.69,263.69,264.37,1062.5,90.71,99.87,107.37,110.38,408.34,270.74,292.59,292.93,302.08,1158.34,612.2,676.16,664,676.83,2629.18
Sumba Tengah,84.25,95.13,91.4,91.96,362.74,7.67,8.5,8.76,9.32,34.25,105.17,112.53,112.2,112.63,442.53,197.09,216.15,212.36,213.91,839.52
Sumba Barat Daya,253.76,289.64,268.34,258.23,1069.97,31.67,34.72,37.29,40.12,143.8,336.88,355.17,359.24,354.77,1406.06,622.31,679.53,664.88,653.12,2619.83
Nagekeo,186.74,211.62,197.36,200.19,795.92,26.45,28.81,30.79,34.91,120.97,151.28,157.48,152.22,163.84,624.81,364.48,397.91,380.37,398.94,1541.69
Manggarai Timur,254.68,281.53,265.73,268.18,1070.12,28.75,31.49,33.8,34.89,128.93,266.59,286.34,284.64,292.26,1129.83,550.02,599.37,584.16,595.33,2328.88
Sabu Raijua,93.54,101.73,98.58,103.34,397.19,30.07,31.75,32.98,34.91,129.71,78.59,82.69,82.66,91.71,335.66,202.2,216.18,214.22,229.96,862.56
Malaka,205.12,232.14,219.59,235.49,892.33,67.1,71.24,74.38,79.68,292.4,225.21,233.94,234.26,247.9,941.31,497.43,537.33,528.22,563.06,2126.04
Kota Kupang,104.74,113.62,110.54,114.35,443.24,684.09,737.51,775.38,827.22,3024.19,3616.57,3809.67,3794.82,4009.37,15230.42,4405.39,4660.79,4680.74,4950.94,18697.85
Sambas,1435.14,1319.09,1390.22,1410.96,5555.41,724.49,742.45,746.67,827.68,3041.28,1758.38,1906.35,1868.73,1870.71,7404.17,3918.01,3967.88,4005.62,4109.35,16000.86
Bengkayang,680.45,578.77,600,610.54,2469.77,292.68,301.21,307.14,333.69,1234.71,724.4,774.18,776.27,776.63,3051.49,1697.54,1654.16,1683.41,1720.86,6755.97
Landak,857.57,725.36,765.72,783,3131.64,386.62,399.67,402.3,426.62,1615.21,864.12,904.9,899.15,936.03,3604.2,2108.31,2029.92,2067.17,2145.65,8351.06
Mempawah,434.86,375.59,378.78,396,1585.23,355.42,394.73,416.19,491.79,1658.12,753.55,802.96,795.34,817.51,3169.37,1543.83,1573.28,1590.31,1705.3,6412.73
Sanggau,1636.72,1591.35,1597.17,1617.12,6442.36,824.79,841.6,851,825.78,3343.17,1325.11,1394.54,1406.25,1417.06,5542.95,3786.62,3827.49,3854.42,3859.95,15328.48
Ketapang,2216.76,2172.93,2268.12,2403.48,9061.3,1204.56,1272.22,1304.99,1331.15,5112.92,1651.29,1732.7,1748.01,1764.48,6896.48,5072.61,5177.85,5321.12,5499.12,21070.69
Sintang,935.45,848.83,877.56,908,3569.84,597.2,598.22,601.85,611.45,2408.72,1249.09,1326.9,1323.4,1338.54,5237.94,2781.74,2773.96,2802.81,2858,11216.5
Kapuas Hulu,572.09,549.58,559.15,584.85,2265.67,531.7,543.63,548.06,567.64,2191.02,715.42,755.18,756.17,774.29,3001.06,1819.22,1848.39,1863.37,1926.77,7457.75
Sekadau,518.93,525.06,526.76,537.44,2108.2,199.06,205.86,207.23,217.12,829.27,523.29,553.64,551.52,551.48,2179.93,1241.29,1284.56,1285.51,1306.03,5117.39
Melawi,279.38,260.26,263.23,261.98,1064.85,169.99,176.16,181.1,186.2,713.45,534.36,566.99,565.79,576.21,2243.35,983.73,1003.4,1010.12,1024.4,4021.65
Kayong Utara,262.92,240.48,236.75,243.26,983.41,144.65,150.54,155.59,162.49,613.27,340.69,358.34,359.26,364.97,1423.26,748.26,749.37,751.6,770.72,3019.94
Kubu Raya,995.99,930.76,939.19,978.03,3843.97,2361.08,2398.37,2429.1,2503.78,9692.33,1986.15,2079.38,2088.2,2104.03,8257.76,5343.23,5408.5,5456.5,5585.83,21794.06
Kota Pontianak,99.34,93.86,94.95,101.29,389.44,2057.11,2108.01,2158.74,2172.14,8496,4670.7,5017.16,5117.03,5094.14,19899.03,6827.16,7219.03,7370.72,7367.56,28784.47
Kota Singkawang,327.57,314.33,319.13,314.25,1275.29,548.03,551.8,559.53,645.47,2304.83,1060.31,1114.64,1130.9,1198.61,4504.46,1935.91,1980.78,2009.56,2158.34,8084.58
Kotawaringin Barat,1055.99,1063.53,1038.78,1059.58,4217.87,1395.17,1352.5,1389.53,1393.15,5530.35,1502.89,1557.88,1574.27,1696.5,6331.54,3954.06,3973.9,4002.58,4149.23,16079.76
Kotawaringin Timur,1211.88,1294.97,1406.41,1491.24,5404.5,1538.28,1550.6,1559.31,1593.12,6241.32,2191.33,2261.36,2294.33,2384.08,9131.1,4941.49,5106.94,5260.05,5468.44,20776.92
Kapuas,1416.05,1394,1438.86,1500.07,5748.98,612.31,574.45,618.32,724.24,2529.32,1232.75,1299.89,1264.36,1351.32,5148.33,3261.1,3268.34,3321.55,3575.63,13426.63
Barito Selatan,510.3,485.51,491.02,563.88,2050.71,119.62,119.93,135.26,160.57,535.37,566.36,599.59,600.3,624.4,2390.65,1196.28,1205.03,1226.58,1348.85,4976.74
Barito Utara,1203.5,1174.81,1068.87,1376.19,4823.37,229.48,235.45,258.9,288.34,1012.17,591.52,632.9,647,715.35,2586.76,2024.5,2043.16,1974.77,2379.89,8422.31
Sukamara,294.52,300.5,295.22,304.69,1194.92,275.67,278.56,286.44,289.77,1130.43,269.99,299.39,299.18,333.96,1202.53,840.18,878.45,880.83,928.42,3527.88
Lamandau,419.78,450.7,436.05,465.5,1772.03,282.78,295.28,315.47,346.38,1239.9,333.34,350.74,353.22,382.13,1419.43,1035.91,1096.71,1104.74,1194,4431.36
Seruyan,647.8,648.18,610.48,634.84,2541.3,657.68,657.08,673.88,695.57,2684.22,332.72,370.95,378.56,445.85,1528.09,1638.21,1676.22,1662.92,1776.26,6753.61
Katingan,432.58,440.29,452.08,452.72,1777.67,396.58,400.62,395.63,470.2,1663.02,573.83,626.04,633.79,688.06,2521.71,1402.98,1466.95,1481.5,1610.98,5962.4
Pulang Pisau,362.49,348.49,395.21,365.64,1471.83,233.47,237.14,247.75,295.65,1014.01,383.38,427.36,399.9,424.73,1635.37,979.34,1012.99,1042.86,1086.02,4121.22
Gunung Mas,432.09,432.31,457.66,444.7,1766.76,214.12,219.48,243.4,255.28,932.28,391.9,416.77,417.39,487.11,1713.17,1038.11,1068.56,1118.45,1187.09,4412.22
Barito Timur,858.74,878.31,881.46,959.93,3578.43,177.18,185.93,211.6,222.89,797.59,404.98,427.89,431.14,467.99,1731.99,1440.9,1492.12,1524.19,1650.81,6108.02
Murung Raya,1142.65,1094.83,1062.95,1308.99,4609.42,135.14,139.86,166.39,197.06,638.45,407.54,460.48,460.22,508.32,1836.56,1685.33,1695.17,1689.55,2014.38,7084.43
Kota Palangka Raya,113.16,113.31,117.67,112.61,456.76,588.94,597.06,647.9,714.45,2548.35,2445.27,2557.53,2527.09,2781.91,10311.81,3147.37,3267.91,3292.66,3608.98,13316.91
Tanah Laut,1213.47,1353.1,1586.87,1334.62,5488.05,547.13,557.51,568.65,617.76,2291.05,1056.49,1110.48,1106.28,1112.54,4385.79,2817.09,3021.1,3261.8,3064.91,12164.9
Kota Baru,1963.22,2113.66,2193.05,2234.81,8504.74,1790.89,1839.48,1897.36,1999.75,7527.47,1077.38,1136.61,1127.34,1173.14,4514.47,4831.49,5089.75,5217.74,5407.69,20546.67
Banjar,977.56,1041.35,1513.93,1192.37,4725.22,546.24,556.14,575.33,639.62,2317.33,1628.46,1697.06,1693.95,1767.32,6786.79,3152.26,3294.55,3783.21,3599.31,13829.33
Barito Kuala,286.33,283.59,867.66,314.84,1752.42,470.72,490.12,520.58,544.97,2026.39,713.57,735.2,742.12,758.59,2949.48,1470.62,1508.91,2130.35,1618.41,6728.29
Tapin,805.58,1156.42,1100.69,969.48,4032.17,200.72,206.08,218.23,230.62,855.65,648.86,685.25,672.66,694.73,2701.49,1655.15,2047.75,1991.58,1894.83,7589.32
Hulu Sungai Selatan,450.29,579.1,534.27,551.91,2115.57,205.16,218.73,226.81,243.75,894.44,620.46,658.25,639.06,650.99,2568.75,1275.9,1456.08,1400.13,1446.64,5578.76
Hulu Sungai Tengah,314.33,532.45,300.83,214.07,1361.67,310.69,318.94,327.12,344.06,1300.79,727.76,758.29,743.52,760.84,2990.41,1352.77,1609.68,1371.46,1318.96,5652.88
Hulu Sungai Utara,119.42,131.49,185.3,177.22,613.43,186.72,194.09,199.52,210.9,791.24,592.55,624.15,624.32,626.93,2467.95,898.7,949.72,1009.14,1015.05,3872.62
Tabalong,2390.92,2570.48,2575.13,2515.6,10052.13,562.8,589.47,605.98,605.46,2363.72,1191.64,1229.31,1230.31,1253.68,4904.94,4145.36,4389.27,4411.42,4374.74,17320.79
Tanah Bumbu,2461.32,2637.72,2545.87,2654.58,10299.49,688.72,645.6,659.16,766.85,2760.33,1316.97,1385.01,1394.51,1437.96,5534.46,4467.01,4668.33,4599.54,4859.39,18594.28
Balangan,1858.12,2261.87,2153.1,2094.69,8367.77,141.45,147.08,154.07,158.91,601.51,447.31,464.18,461.09,479.75,1852.32,2446.88,2873.12,2768.26,2733.34,10821.6
Kota Banjarmasin,142.72,147.69,152.84,157.34,600.58,1708.74,1771.69,1878.4,2024.44,7383.27,4480.62,4666.14,4762.95,4847.76,18757.47,6332.08,6585.52,6794.19,7029.53,26741.33
Kota Banjar Baru,88.77,89.81,106.47,90.74,375.79,412.28,437.12,444.66,452.95,1747.01,1338.6,1423.49,1416.53,1475.52,5654.13,1839.64,1950.42,1967.66,2019.21,7776.93
Paser,7656.81,7994.42,8383.46,7931.04,31965.72,673.29,690.53,722.88,794.99,2881.69,975.01,1011.07,1013.41,1062.21,4061.7,9305.11,9696.01,10119.74,9788.24,38909.1
Kutai Barat,4148.26,4155.04,4196.71,4253.34,16753.34,971.45,993.44,1002.82,1014.76,3982.47,1132.95,1272.42,1265.23,1247.85,4918.45,6252.66,6420.9,6464.76,6515.95,25654.27
Kutai Kartanegara,27708.68,27293.05,27525.67,28917.53,111444.94,3813.92,3960.12,4092.15,4227.44,16093.64,3691.44,3914.49,3866.79,3998.47,15471.2,35214.05,35167.67,35484.61,37143.45,143009.77
Kutai Timur,25015.56,25142.2,25257.67,26226.07,101641.49,1439.23,1471.92,1478.25,1643.56,6032.96,1716.86,1847.64,1809.12,1894.93,7268.55,28171.66,28461.76,28545.04,29764.55,114943
Berau,5936.3,5976.12,6143.01,6118.15,24173.58,630.84,647.4,658.95,683.75,2620.93,1693.73,1776.28,1774.08,1829.89,7073.98,8260.87,8399.8,8576.04,8631.78,33868.49
Penajam Paser Utara,859.7,869.59,866.61,874.45,3470.35,1290.13,1824.53,1937.71,2084.96,7137.33,453.97,482.91,500.67,524.97,1962.51,2603.8,3177.03,3304.99,3484.37,12570.19
Mahakam Ulu,372.74,373.83,391.29,400.17,1538.03,36.1,36.62,36.11,41.77,150.6,54.84,58.37,58.32,59.48,231.02,463.68,468.83,485.72,501.43,1919.65
Kota Balikpapan,208.75,203.84,207.16,215.72,835.46,16856.34,16213.22,16953.41,17475.74,67498.69,7449.9,7949.36,8081.73,8376.6,31857.59,24514.99,24366.41,25242.29,26068.05,100191.74
Kota Samarinda,1891.82,1902.52,1905.19,1926.64,7626.17,3867.74,4146.19,4177,4322.73,16513.66,8121.18,8579.17,8593.37,8813.7,34107.42,13880.74,14627.88,14675.56,15063.06,58247.25
Kota Bontang,172.59,172.31,174.18,174.77,693.84,8847.07,8904.98,8770.06,8678.46,35200.57,1356.4,1431.86,1428.19,1453.04,5669.49,10376.06,10509.15,10372.43,10306.26,41563.91
Malinau,1433.48,1431.41,1459.99,1462.81,5787.69,368.86,382.84,386.51,429.48,1567.7,432.22,475.74,478.03,503.61,1889.59,2234.56,2289.99,2324.53,2395.9,9244.98
Bulungan,1455.59,1436.71,1467.83,1464.89,5825.03,794.35,806.16,834.81,884.26,3319.58,1077.56,1115.24,1151,1198.44,4542.24,3327.5,3358.12,3453.64,3547.6,13686.86
Tana Tidung,665.32,657.87,669.99,642.47,2635.65,185.73,193.77,202.29,269.5,851.3,197.04,214.33,217.66,230.62,859.66,1048.09,1065.98,1089.94,1142.59,4346.6
Nunukan,3030.58,3037.51,3127.59,3131.07,12326.75,662.8,705.16,723.06,785.26,2876.28,811.77,856.78,876.36,906.63,3451.54,4505.14,4599.45,4727.02,4822.96,18654.57
Kota Tarakan,1091.8,1085.34,1109.51,1063.71,4350.36,1706.81,1744.65,1779.88,1842.38,7073.73,3750.74,3901.2,3939.89,4096.19,15688.02,6549.35,6731.19,6829.28,7002.29,27112.12
Bolaang Mongondow,772.38,854.95,802.79,760.97,3191.1,303.9,294.72,358.7,372.6,1329.92,501.93,541.66,532.37,586.68,2162.64,1578.22,1691.33,1693.86,1720.26,6683.66
Minahasa,1054.04,1120.68,1149.18,1192.17,4516.08,760.79,780.31,864.55,919.76,3325.41,1525.48,1617.24,1557.06,1724.34,6424.13,3340.32,3518.23,3570.79,3836.28,14265.62
Kepulauan Sangihe,295.89,311.91,319.3,330.48,1257.57,123.19,125.23,143.34,148.27,540.03,458.42,496.97,477,518.34,1950.73,877.51,934.11,939.64,997.09,3748.34
Kepulauan Talaud,201.56,212.99,213.36,218.56,846.47,62.05,64.73,75.43,75.96,278.17,190.72,207.4,196.74,212.66,807.51,454.33,485.11,485.53,507.18,1932.15
Minahasa Selatan,720.15,764.02,780.83,803.67,3068.67,478.46,485.36,511.72,550.92,2026.44,555.17,606.92,584.44,642.01,2388.55,1753.78,1856.29,1876.99,1996.6,7483.66
Minahasa Utara,996.31,1025.15,1058.38,1143.67,4223.51,761.24,784.3,860.61,908.93,3315.08,916.9,985.02,963.82,1053.36,3919.1,2674.46,2794.47,2882.81,3105.96,11457.69
Bolaang Mongondow Utara,264.13,280.45,284.64,282.87,1112.09,89.65,92.71,108.36,112.24,402.96,125.2,134.11,128.95,142.65,530.91,478.98,507.27,521.95,537.77,2045.96
Siau Tagulandang Biaro,178.47,180.53,190.86,200.54,750.39,45.18,46.36,55.95,59.68,207.17,230.91,249.77,245.88,269.67,996.23,454.55,476.65,492.69,529.89,1953.79
Minahasa Tenggara,403.92,428.43,436.16,436.32,1704.82,261.23,267.67,306.12,323.05,1158.06,358.07,395.23,373.99,417.2,1544.5,1023.22,1091.33,1116.27,1176.57,4407.39
Bolaang Mongondow Selatan,170.52,178.45,179.04,179.62,707.64,52.75,56.56,69.08,70.96,249.34,156.09,172.25,160.74,171.93,661,379.36,407.26,408.86,422.51,1617.98
Bolaang Mongondow Timur,322.41,337.17,340.23,340.9,1340.71,55.52,56.22,67.06,70.83,249.64,156.01,169.1,160.81,182.33,668.24,533.94,562.49,568.1,594.06,2258.59
Kota Manado,120.21,119.45,131.42,147.59,518.68,1076.31,1102.94,1252.69,1311.19,4743.13,5958.85,6374.89,6324.9,6727.72,25386.36,7155.37,7597.28,7709.01,8186.51,30648.17
Kota Bitung,497.98,483.44,547.46,633.27,2162.14,1607.09,1594.71,1598.87,1763.71,6564.38,1182.25,1320.95,1301.05,1363.04,5167.29,3287.33,3399.09,3447.38,3760.02,13893.82
Kota Tomohon,198.94,208.58,213.64,219.58,840.74,235.94,246.95,273,287.26,1043.16,435.43,464.27,453.75,489.14,1842.59,870.31,919.81,940.38,995.98,3726.48
Kota Kotamobagu,66.65,72.59,75.93,72.79,287.96,116.86,120.03,142.75,148.03,527.68,492.56,537.12,515.2,554.32,2099.2,676.07,729.75,733.88,775.14,2914.84
Banggai Kepulauan,359.18,371.27,373.16,382.79,1486.41,35.25,35.64,35.05,40.2,146.14,351.23,370.36,364.09,386.92,1472.6,745.66,777.28,772.3,809.91,3105.15
Banggai,2547.92,2490.79,2679.38,2771.43,10489.52,1551.18,1598.14,1632.14,1697.03,6478.5,1049.48,1104.64,1109.82,1144.42,4408.36,5148.58,5193.57,5421.33,5612.88,21376.37
Morowali,4523.92,4677.06,5138.78,5116.03,19455.78,16264.36,18433.96,20603.79,21378.99,76681.1,652.67,674.81,670.39,674.01,2671.88,21440.95,23785.83,26412.96,27169.03,98808.77
Poso,707.57,740.77,699.14,710.66,2858.14,198.19,199.09,199.36,212.78,809.42,855.95,912.24,908.86,944.67,3621.72,1761.71,1852.1,1807.36,1868.12,7289.29
Donggala,1293.09,1356.59,1318.8,1306.01,5274.48,357.06,357.58,345.92,355.82,1416.38,673.93,763.59,738.06,772.63,2948.2,2324.07,2477.76,2402.78,2434.45,9639.06
Toli-Toli,664.94,675.08,664.76,680.76,2685.54,214.82,214.33,219.4,222.14,870.7,673.08,728.23,704.31,741.64,2847.26,1552.85,1617.64,1588.47,1644.55,6403.5
Buol,574.16,576.94,551.01,583.92,2286.04,237.58,238.32,239.02,249.45,964.38,288.54,310.66,303.4,317.79,1220.4,1100.29,1125.93,1093.44,1151.16,4470.82
Parigi Moutong,1505.13,1602.42,1538.02,1592.9,6238.47,472.41,447.51,455.43,492.71,1868.06,1156.34,1207.59,1195.48,1260.65,4820.06,3133.87,3257.52,3188.93,3346.26,12926.58
Tojo Una-Una,388.36,431.22,403.51,419.86,1642.94,158.35,158.2,166.92,173.1,656.56,476.2,496.67,502.54,525.85,2001.26,1022.9,1086.08,1072.97,1118.81,4300.77
Sigi,841.11,848.49,840,866.13,3395.74,248.08,232.37,258.74,284.24,1023.43,638.04,693.73,677.95,717.3,2727.02,1727.22,1774.59,1776.7,1867.67,7146.19
Banggai Laut,257.72,259.31,269.34,272.87,1059.25,22.53,22.48,21.46,23.84,90.3,174.31,184.88,180.82,187.81,727.81,454.56,466.67,471.62,484.51,1877.36
Morowali Utara,2309.12,2346.8,2582.17,2531.97,9770.06,1228.98,1372.78,1472.87,1486.42,5561.05,398.05,444.28,443.86,455.92,1742.11,3936.15,4163.86,4498.9,4474.31,17073.22
Kota Palu,495.44,519.46,555.47,564.89,2135.26,1047.95,1060.45,1042.53,1113.17,4264.1,2884.28,3159.19,3053.41,3272.52,12369.39,4427.67,4739.1,4651.4,4950.57,18768.75
Kepulauan Selayar,406.91,451.19,485.38,357.49,1700.97,199.59,235.74,235.08,248.53,918.94,354.24,409.15,395.61,403.42,1562.42,960.74,1096.07,1116.07,1009.45,4182.33
Bulukumba,828.55,1006.82,1068.02,863.56,3766.95,383.02,407.66,461.99,499.02,1751.68,1069.49,1163.89,1209.9,1227.9,4671.18,2281.06,2578.37,2739.91,2590.48,10189.82
Bantaeng,451.48,503.51,512.39,488.16,1955.53,621.04,600.3,647.65,725.88,2594.87,768.93,795.3,824.86,883.99,3273.08,1841.45,1899.11,1984.9,2098.02,7823.49
Jeneponto,632.24,1085.12,897.15,464.94,3079.45,269.55,295.59,321.22,329.75,1216.1,763.71,902.67,1007.42,947.35,3621.15,1665.5,2283.37,2225.79,1742.03,7916.7
Takalar,910.2,958.46,981.55,947.97,3798.18,221.87,230.74,255.44,264.55,972.61,723.51,762.83,785.82,789.73,3061.89,1855.58,1952.04,2022.81,2002.25,7832.68
Gowa,1139.72,1436,1404.12,1277.31,5257.15,724.03,749.69,755.2,774.39,3003.31,2183.93,2317.16,2384.44,2401.02,9286.54,4047.67,4502.85,4543.76,4452.72,17547
Sinjai,910.43,1021.11,1101.45,827.83,3860.81,268.93,280.7,315.22,336.49,1201.33,882.54,964.02,978.52,946.31,3771.39,2061.9,2265.82,2395.19,2110.62,8833.54
Maros,1049.19,1141.23,1196.71,1029.36,4416.49,906.58,859.89,1027.33,1167.72,3961.52,1479.88,1637.62,1625.2,1628.05,6370.75,3435.65,3638.74,3849.24,3825.13,14748.76
Pangkajene dan Kepulauan,1346.34,1408.08,1408.17,1264.24,5426.83,2530.17,2448.27,2578.57,2808.9,10365.92,1033.03,1106.37,1109.46,1155.98,4404.84,4909.55,4962.72,5096.2,5229.12,20197.59
Barru,489.66,574.66,558.5,466.06,2088.88,272.7,286.56,327.61,357.72,1244.61,573.94,622.37,631.4,626.35,2454.05,1336.3,1483.6,1517.5,1450.13,5787.54
Bone,3166.59,3708.12,3798.75,2638.16,13311.63,1045.88,1092.99,1178.03,1245.59,4562.5,2094.18,2239.43,2305.77,2311.87,8951.24,6306.65,7040.54,7282.55,6195.63,26825.37
Soppeng,517.29,620.29,716.51,530.12,2384.22,465.88,513.41,597,563.26,2139.55,969.96,1031.6,1046.26,1089.07,4136.9,1953.13,2165.3,2359.78,2182.46,8660.66
Wajo,1504.6,1564.55,1817.21,1641.99,6528.35,423.43,483.54,460.96,487.93,1855.86,1495.23,1540.67,1626.89,1680.13,6342.91,3423.26,3588.76,3905.06,3810.05,14727.12
Sidenreng Rappang,702.69,835.13,912.17,748.48,3198.47,713.82,720.4,755.95,805.8,2995.97,855.18,999.09,978.45,963.12,3795.85,2271.7,2554.62,2646.57,2517.4,9990.29
Pinrang,1327.61,1984.93,1566.47,1812.07,6691.09,519.05,618.32,627.76,711.55,2476.68,1452.73,1529.28,1516.96,1543.47,6042.44,3299.4,4132.53,3711.19,4067.09,15210.21
Enrekang,508.27,601.57,602.15,514.67,2226.66,288.42,299.85,313.24,296.6,1198.11,461.22,507.28,494.47,530.97,1993.93,1257.91,1408.7,1409.86,1342.23,5418.7
Luwu,1440.61,1528.17,1640.01,1161.6,5770.39,390.25,403.35,442.52,476.44,1712.56,1108.3,1214.66,1215.32,1155.26,4693.54,2939.16,3146.19,3297.84,2793.3,12176.49
Tana Toraja,249.35,277.35,343.43,306.02,1176.15,237.23,242.53,263.42,285.65,1028.82,750.61,788.82,842.04,893.98,3275.46,1237.19,1308.7,1448.89,1485.65,5480.43
Luwu Utara,1081.78,1222.32,1282.92,989.75,4576.77,353.74,386.37,412.08,385.49,1537.68,831.95,903,934.72,948.32,3617.99,2267.48,2511.69,2629.71,2323.57,9732.44
Luwu Timur,3130.1,3152.27,3346.77,3323.4,12952.55,504.26,589.83,608.76,738.34,2441.18,697.76,813.93,801.1,808.01,3120.8,4332.12,4556.03,4756.64,4869.75,18514.53
Toraja Utara,209.58,242.63,274.32,250.54,977.06,291.52,310.63,313.63,318.51,1234.29,917.97,980.06,1008.18,1006.78,3912.99,1419.06,1533.32,1596.13,1575.83,6124.34
Kota Makasar,136.04,149.07,149.75,129.3,564.16,11432.24,12107.32,12747.12,13145.38,49432.07,23054.66,24657.17,24998.89,25282.25,97992.97,34622.94,36913.56,37895.77,38556.93,147989.2
Kota Parepare,92.37,98.38,96.58,79.32,366.65,207.83,220.07,252.17,270.35,950.42,1056.07,1164.4,1197.14,1235.09,4652.7,1356.27,1482.85,1545.89,1584.76,5969.77
Kota Palopo,217.12,253.34,259.95,227.82,958.22,234.36,250.25,306.51,345.94,1137.07,1072.3,1146.59,1155.84,1180.05,4554.78,1523.78,1650.19,1722.29,1753.81,6650.07
Buton,451.18,429.51,430.05,449.36,1760.1,58.45,62.71,73.02,82.94,277.12,262.26,289.45,300.27,311.72,1163.7,771.89,781.66,803.35,844.01,3200.92
Muna,547.1,526.52,509.02,553.08,2135.72,195.25,224.04,236.67,272.2,928.16,677.52,718.3,741.57,737.46,2874.86,1419.87,1468.86,1487.27,1562.74,5938.74
Konawe,651.68,680.14,671.15,734.62,2737.59,1709.67,1627.09,1790.66,2026.63,7154.05,637.38,674.44,676.73,693.66,2682.22,2998.74,2981.67,3138.54,3454.91,12573.86
Kolaka,3175.98,3379.92,3557.61,3597.43,13710.94,706.37,746.49,823.84,923,3199.7,1058.52,1144.24,1154.46,1184.63,4541.85,4940.87,5270.65,5535.91,5705.05,21452.48
Konawe Selatan,1255.81,1219.6,1262.61,1342.98,5081,249.06,262.93,320.18,376.2,1208.37,899.84,977.27,989.11,1016.72,3882.94,2404.71,2459.79,2571.9,2735.9,10172.3
Bombana,733.05,777.51,861.82,905.75,3278.13,184.49,173.16,200.23,230.89,788.76,367.49,389.51,388.68,397.16,1542.84,1285.03,1340.18,1450.73,1533.79,5609.73
Wakatobi,385.18,363.21,375.64,375.36,1499.39,158.61,165.17,202.84,215.19,741.81,339.23,369.06,365,377.6,1450.88,883.02,897.43,943.48,968.14,3692.07
Kolaka Utara,1056.83,1087.8,1117.44,1070.26,4332.34,242.11,263.97,309.67,336.91,1152.67,449.9,460.11,458.42,467,1835.43,1748.84,1811.87,1885.54,1874.18,7320.44
Buton Utara,292.51,286.5,283.07,296.85,1158.93,105.71,107.19,131.38,145.28,489.55,229.73,243.54,244.56,246.98,964.8,627.95,637.23,659.01,689.1,2613.28
Konawe Utara,511.04,510.06,515.29,578.4,2114.8,97.88,116.04,127.22,145.73,486.86,202.1,213.61,214.3,219.6,849.61,811.02,839.71,856.81,943.73,3451.27
Kolaka Timur,456.92,465.83,459.95,478.16,1860.87,110.83,114.24,139.01,143.85,507.93,327.42,351.59,348.45,357.48,1384.94,895.17,931.66,947.42,979.49,3753.74
Konawe Kepulauan,200.49,207.56,203,184.35,795.4,21.72,20.75,23.69,28.31,94.47,76.58,85.13,82.68,83.69,328.09,298.8,313.44,309.38,296.35,1217.96
Muna Barat,250.95,273.14,273.16,262.78,1060.03,99.43,102.96,114.07,145.38,461.84,153.78,160.39,164.31,176.51,654.98,504.15,536.49,551.55,584.67,2176.86
Buton Tengah,199.87,224.18,221.38,226.55,871.97,83.24,85.39,100.99,110.47,380.1,168.37,175.84,178.85,180.13,703.19,451.48,485.41,501.22,517.15,1955.26
Buton Selatan,322.88,322.7,332.49,361.44,1339.5,89.76,93.12,107.34,108.18,398.41,139.4,146.96,147.42,148.99,582.76,552.04,562.78,587.24,618.6,2320.67
Kota Kendari,691.99,607.58,618.06,681.96,2599.58,982.45,1019.65,1183.48,1281.63,4467.21,2965.42,3109.98,3151.82,3205.4,12432.62,4639.86,4737.21,4953.36,5168.98,19499.41
Kota Baubau,324.51,331.26,341.82,339.65,1337.24,372.01,377.82,473.66,479.96,1703.45,1122,1189.13,1179.47,1242.59,4733.19,1818.52,1898.21,1994.94,2062.2,7773.88
Boalemo,489.25,518.65,539.84,524.01,2071.76,79.88,80.29,84.59,84.62,329.37,389.93,392.2,392.66,401.34,1576.12,959.06,991.13,1017.09,1009.97,3977.26
Gorontalo,979.06,1028.54,1067.47,1043.69,4118.76,469.2,470.62,500.47,496.27,1936.56,1029.52,1051.44,1061.66,1073.77,4216.39,2477.78,2550.59,2629.61,2613.73,10271.71
Pohuwato,699.77,745.21,755.75,727.28,2928.01,142.11,142.24,150.81,154.31,589.46,429.33,435.44,437.05,449.27,1751.08,1271.2,1322.89,1343.6,1330.86,5268.56
Bone Bolango,295.38,311.93,328.04,333.95,1269.3,155.94,157.86,167.54,164.95,646.3,429.45,434.37,431.36,442.27,1737.45,880.76,904.16,926.94,941.18,3653.05
Gorontalo Utara,318.26,339.95,352.98,352.16,1363.36,73.09,73.34,81.25,80.5,308.18,245.47,250.57,248.23,252.63,996.9,636.81,663.87,682.46,685.29,2668.43
Kota Gorontalo,84.07,88.01,84.74,81.06,337.88,314.97,316.17,346.55,349.9,1327.59,1365.97,1385.52,1378.09,1415.16,5544.75,1765.01,1789.69,1809.39,1846.12,7210.22
Majene,365.92,397.42,393.84,405,1562.18,129.15,132.51,139.09,160.65,561.4,471.97,501.4,484.93,501.98,1960.28,967.04,1031.33,1017.86,1067.63,4083.86
Polewali Mandar,1064.69,1111.44,1159.8,1119.41,4455.34,353.99,360.85,359.14,399.49,1473.47,1166.53,1227.31,1213.76,1266.83,4874.43,2585.21,2699.6,2732.7,2785.74,10803.24
Mamasa,211.65,232.99,236.07,240.79,921.5,80.31,80.25,82.42,87.38,330.35,295.15,300.96,299.99,303.08,1199.18,587.1,614.21,618.48,631.24,2451.03
Mamuju,803.5,885.46,907.91,875.72,3472.59,324.63,333.04,349.76,395.44,1402.87,1116,1190.93,1179.58,1213,4699.51,2244.12,2409.43,2437.24,2484.17,9574.96
Mamuju Utara,803.62,874.27,865.84,823.15,3366.88,711.49,731.91,678.04,790.3,2911.75,398.91,423.66,412.03,424.06,1658.67,1914.02,2029.84,1955.91,2037.52,7937.29
Mamuju Tengah,407.02,452.19,469.38,413.05,1741.63,68.74,71.3,72.55,70.07,282.65,107.04,111.34,111.11,115.28,444.77,582.79,634.82,653.03,598.4,2469.05
Maluku Tenggara Barat,111.22,109.63,115.56,109.6,446.01,85.57,89.67,90.84,95.93,362,287.05,304.48,304.45,315.46,1211.43,483.84,503.78,510.84,520.98,2019.45
Maluku Tenggara,185.39,175.83,187.14,196.03,744.4,67.22,71.55,72.59,76.26,287.62,316.02,337.99,339.82,349.71,1343.54,568.64,585.37,599.56,622,2375.56
Maluku Tengah,420.04,403.55,425.14,421.88,1670.61,310.81,320.37,322.75,336.31,1290.23,946.84,1006.13,1016.44,1043.26,4012.67,1677.69,1730.05,1764.33,1801.45,6973.51
Buru,152.87,151.14,160.92,147.6,612.53,86.94,89.29,92.26,97.13,365.62,202.18,217.57,218.13,225.86,863.74,441.99,458,471.31,470.59,1841.88
Kepulauan Aru,390.15,374.66,408.31,466.1,1639.23,62.06,64.96,66.14,69.8,262.95,199.65,213.09,215.61,225.24,853.59,651.86,652.71,690.07,761.14,2755.77
Seram Bagian Barat,214.46,210.44,228.64,215.29,868.83,89.3,93.24,94.78,99.81,377.12,265.1,282.53,283.23,293.47,1124.33,568.86,586.22,606.65,608.56,2370.29
Seram Bagian Timur,286.71,288.25,292.23,276.72,1143.91,43.76,46.44,47.25,50.16,187.61,204.08,218.89,220.51,228.64,872.12,534.54,553.58,559.99,555.52,2203.64
Maluku Barat Daya,142.98,154.73,151.05,140.81,589.57,193.8,105.62,224.83,198.71,722.96,129.24,139.08,139.21,143.78,551.31,466.02,399.42,515.1,483.3,1863.84
Buru Selatan,101.98,100.44,104.73,105.37,412.52,29.45,30.89,31.51,33.28,125.14,125.27,133.89,133.97,138.68,531.81,256.69,265.22,270.21,277.34,1069.47
Kota Ambon,165.51,148.99,149.34,146.26,610.1,269.7,281.04,283.52,298.21,1132.48,2521.62,2648.06,2671.7,2757.98,10599.37,2956.84,3078.1,3104.56,3202.46,12341.94
Kota Tual,167.07,167.16,173.98,181.88,690.1,43.32,45.86,46.49,49.22,184.89,223.96,237.22,238.95,246.08,946.21,434.35,450.25,459.42,477.18,1821.2
Halmahera Barat,151.39,155.45,160.45,161.62,628.91,40.89,41.35,42.56,43.83,168.63,227.62,242.5,225.97,235.07,931.16,419.89,439.3,428.98,440.52,1728.7
Halmahera Tengah,1380.35,1329.97,1063.38,2183.99,5957.69,2069.03,2491.39,2258.79,4118.3,10937.51,245.01,257.74,246.82,260.52,1010.08,3694.39,4079.1,3568.99,6562.81,17905.29
Kepulauan Sula,179.99,189.46,190.61,187.72,747.79,72.77,74.06,77.21,89.24,313.29,201.25,207.74,200.49,214.62,824.1,454.01,471.27,468.31,491.58,1885.18
Halmahera Selatan,822.44,872.2,955.12,944.21,3593.97,1470.57,1712.72,1889.21,1939.77,7012.26,480.87,496.39,484.74,505.39,1967.4,2773.88,3081.31,3329.07,3389.37,12573.63
Halmahera Utara,553.75,524.88,444.74,450.5,1973.87,102.93,105.11,109.17,111.76,428.97,416.22,438.23,422.69,430.64,1707.79,1072.91,1068.22,976.6,992.91,4110.64
Halmahera Timur,450.79,464.91,542.05,547.25,2005.01,79.95,82.53,84.74,87.28,334.5,240.48,248.22,238.18,254.54,981.43,771.22,795.66,864.97,889.08,3320.94
Pulau Morotai,130.33,137.1,137.31,135.6,540.34,37.16,37.76,39.72,38.82,153.46,120.09,127.82,126.25,126.92,501.08,287.57,302.68,303.29,301.34,1194.88
Pulau Taliabu,199.49,208.54,211.41,211.84,831.27,14.64,15.29,15.74,16.62,62.3,86.01,89.48,86.1,90.66,352.25,300.13,313.31,313.25,319.12,1245.82
Kota Ternate,74.67,77.46,77.67,78.44,308.23,189.64,194.5,194.64,206.72,785.49,1874.03,1921.87,1913.78,2031.48,7741.17,2138.33,2193.83,2186.08,2316.64,8834.89
Kota Tidore Kepulauan,125.38,129.05,130.75,129.65,514.84,50.81,51.73,54.75,55.22,212.5,383.13,400.85,383.47,419.9,1587.36,559.32,581.63,568.98,604.77,2314.7
Fakfak,162.07,169.99,167.6,165.54,665.21,250.18,264.07,264.92,277.46,1056.64,498.08,500.74,494.36,502.38,1995.56,910.33,934.8,926.89,945.39,3717.4
Kaimana,134.62,132.33,131.85,128.44,527.24,87.27,112,112.4,122.63,434.3,219.56,217.21,214.27,217,868.03,441.45,461.55,458.51,468.07,1829.57
Teluk Wondama,82.74,82.91,82.16,79.84,327.65,49.15,50.87,52.5,57.14,209.66,134.55,137.31,138.16,141.18,551.2,266.44,271.09,272.82,278.16,1088.51
Teluk Bintuni,2509.08,3367.56,3490.2,3301.16,12668.01,4141.15,5753.63,5770.68,5774.94,21440.41,224.72,225.26,231.24,239.45,920.67,6874.95,9346.45,9492.12,9315.55,35029.08
Manokwari,277.89,285.98,285.55,288.87,1138.28,312.97,334.17,334.8,335.76,1317.71,1132.19,1153.49,1134.83,1151.74,4572.25,1723.05,1773.64,1755.18,1776.44,7028.3
Manokwari Selatan,93.04,93.84,97.11,95.67,379.66,6.72,6.83,6.9,6.93,27.39,58.35,60.94,62.73,63.52,245.54,158.11,161.61,166.74,166.13,652.59
Pegunungan Arfak,10.37,10.21,10.34,10.34,41.26,13.14,13.23,13.35,13.36,53.09,28.45,30.01,31.71,33.15,123.32,51.95,53.46,55.4,56.86,217.67
Raja Ampat,478,485.5,479.15,512.22,1954.88,69.36,70.84,70.69,77.79,288.67,152.05,156.19,160.47,167.27,635.98,699.41,712.53,710.31,757.28,2879.52
Sorong,649,655.36,647.39,651.26,2603.01,1332.28,1377.56,1371.19,1383.18,5464.22,342.45,348.84,341.45,353.36,1386.09,2323.73,2381.76,2360.03,2387.81,9453.33
Sorong Selatan,93.85,95.34,99.67,100.87,389.73,93.13,93.68,95.49,99.97,382.27,167.96,177.14,176.51,185.16,706.78,354.94,366.16,371.67,386,1478.78
Maybrat,33.92,34.46,35.64,36.26,140.28,18.89,18.97,19.1,19.86,76.82,70.71,71.38,72.35,75.14,289.57,123.51,124.82,127.09,131.25,506.67
Tambrauw,13.21,13.03,13.61,13.5,53.34,7.87,7.98,8.07,8.89,32.82,20.63,21.77,21.75,23.17,87.32,41.71,42.77,43.44,45.56,173.48
Kota Sorong,261.6,263.02,268.91,303.24,1096.77,517.93,538,557.36,582.48,2195.77,1795.43,1816.45,1783.07,1834.83,7229.77,2574.96,2617.46,2609.34,2720.55,10522.31
Jayapura,570.6,586.81,592.32,608.13,2357.87,525.02,547.02,559.27,561.91,2193.22,1629.83,1660.48,1683.01,1727.51,6700.83,2725.45,2794.32,2834.6,2897.55,11251.92
Kepulauan Yapen,179,182.94,184.86,186.98,733.78,86.37,87.96,88.12,90.4,352.85,517.36,524.84,532.55,537.44,2112.19,782.73,795.74,805.53,814.82,3198.82
Biak Numfor,231.19,233.96,233.51,239.19,937.84,90.7,91.32,91.55,95.38,368.94,592.64,595.29,598.42,602.49,2388.83,914.52,920.56,923.48,937.06,3695.62
Sarmi,147.13,148.03,148.6,155.07,598.83,110.44,111.34,114.24,116.14,452.16,247.61,250.52,251.49,257.89,1007.51,505.18,509.89,514.33,529.09,2058.5
Keerom,175.55,177.58,178.15,178.41,709.69,180.19,181.89,182.1,187.76,731.94,190.67,192.63,193.73,198.6,775.64,546.41,552.11,553.98,564.76,2217.27
Waropen,107.26,110.83,111.66,112.64,442.39,118.9,120.43,121.01,128.04,488.38,162.33,164.31,162.03,163.57,652.25,388.49,395.57,394.7,404.25,1583.01
Supiori,58.83,59.18,60.35,63.11,241.46,64.61,65.58,66.35,66.52,263.06,84.18,85.16,85.54,86.32,341.21,207.62,209.93,212.24,215.95,845.73
Mamberamo Raya,59.54,60.34,61.69,62.78,244.36,61.85,63.62,63.81,66.95,256.23,155.16,159.99,158.77,162.21,636.13,276.54,283.96,284.27,291.94,1136.71
Kota Jayapura,365.74,370.21,370.75,391.36,1498.05,1380.31,1430.43,1432.44,1445.57,5688.75,4504.77,4585.08,4648.96,4731.26,18470.06,6250.82,6385.72,6452.15,6568.19,25656.87
Merauke,752.94,754.3,760.88,778.51,3046.63,611.24,632.49,657.05,690.26,2591.04,1538.06,1551.24,1586.42,1597.72,6273.44,2902.23,2938.03,3004.35,3066.49,11911.1
Boven Digoel,225.7,227.77,232.59,231.85,917.92,391.62,405.46,412.1,415.34,1624.52,215.66,221.12,227.3,230.79,894.86,832.98,854.35,872,877.98,3437.3
Mappi,107.13,110.81,113.07,113.25,444.26,189.27,170.06,171.29,175.75,706.37,227.39,243.72,232.19,234.91,938.21,523.79,524.59,516.55,523.91,2088.84
Asmat,88.31,85.71,82.94,88.9,345.86,157.28,159.71,163.24,165.86,646.08,209.64,202.64,204.13,216.79,833.2,455.23,448.06,450.31,471.55,1825.14
Mimika,21670.2,20048.94,20245.91,19634.53,81599.59,514.07,518.89,544.19,549.66,2126.82,1724.9,1759.51,1785.19,1795.53,7065.14,23909.18,22327.34,22575.29,21979.73,90791.54
Dogiyai,71.6,73.21,75.95,74.46,295.22,25.68,26.11,26.53,26.66,104.98,135.38,138.28,138.23,140.33,552.22,232.66,237.6,240.71,241.46,952.42
Deiyai,51.25,52.22,53.69,54.04,211.21,67.2,71.95,76.11,80.81,296.07,99.98,101.12,102.54,103.86,407.49,218.44,225.28,232.34,238.71,914.77
Nabire,752.62,764.4,785.46,785.66,3088.12,328.36,347.68,348.75,357.14,1381.93,956.31,989.02,1004,1024.85,3974.18,2037.28,2101.1,2138.2,2167.65,8444.23
Paniai,404.74,408.67,411.16,414.58,1639.15,225.94,238.01,240.03,248.57,952.55,188.25,189.09,188.1,191.34,756.79,818.93,835.78,839.3,854.49,3348.49
Intan Jaya,48.74,49.41,47.64,48.7,194.49,69.22,72.18,75.36,75.84,292.61,82.17,83.26,83.55,84.75,333.73,200.14,204.85,206.55,209.29,820.83
Puncak,43.21,44.05,44.9,43.45,175.61,60.07,64.02,64.12,66.62,254.83,115.38,116.52,116.65,118.27,466.82,218.66,224.59,225.68,228.33,897.25
Puncak Jaya,71.1,71.96,72.52,70.13,285.72,76.11,76.54,79.38,81.71,313.74,113.16,115.75,115.39,116.52,460.82,260.29,264.25,267.29,268.43,1060.27
Nduga,53.03,52.9,52.24,50.26,208.42,57.7,57.11,69.34,70.36,254.51,107.23,112.32,107.57,114.32,441.44,217.96,222.32,229.16,234.93,904.37
Jayawijaya,180.21,195.44,192.52,194.12,762.28,202.83,249.32,229.76,239.4,921.31,924.03,972.5,941.86,972.77,3811.16,1307.07,1417.26,1364.14,1406.29,5494.76
Lanny Jaya,68.6,73.37,77.67,73.28,292.93,84.65,76.33,76.33,84,321.31,174.3,198.38,201.15,197.69,771.52,327.55,348.08,355.15,354.97,1385.76
Tolikara,70.56,71.65,71.09,71.54,284.84,63.48,63.55,68.59,66.47,262.09,157.26,160.36,163.13,164.5,645.26,291.3,295.56,302.81,302.51,1192.18
Mamberamo Tengah,35.55,37.83,38.98,37.67,150.04,59.1,49.42,49.3,60.19,218,117.28,118.14,120.23,121.88,477.53,211.93,205.39,208.51,219.74,845.57
Yalimo,55.25,56.55,55.45,54.19,221.44,49.19,44.13,45.34,50.05,188.71,117.73,113.97,121.57,123.92,477.18,222.17,214.66,222.36,228.15,887.34
Yahukimo,90.81,92.38,93.59,95.52,372.3,87.6,94.48,99.25,101.94,383.27,232.11,235.48,237.48,237.34,942.41,410.52,422.34,430.33,434.8,1697.99
Pegunungan Bintang,80.5,83.28,83.14,84.83,331.75,120.64,122.32,122.45,128.9,494.3,192.88,189.56,184.44,190.25,757.13,394.02,395.16,390.03,403.97,1583.18
