full_text;clean_text;sentiment;confidence;label_final
@DS_yantie Lucunya kemaren #kaburajadulu dihujat dan dikecam pemerintah sekarang malah disuruh keluar. Ini bego atau tolol?;lucunya kemarin kaburajadulu dihujat dan dikecam pemerintah sekarang bahkan disuruh keluar ini bego atau tolol;negatif;99.86;negatif
pemerintah negara pada jahat2 banget ama sesama manusia emang ga pada percaya konsep akhirat kali;pemerintah negara pada jahat banget sama sesama manusia emang ga pada percaya konsep akhirat kali;negatif;99.84;negatif
@kang___L Lo aja gak punya sopan ke rakyat Indonesia malah ngusir warga sendiri keluar negeri hanya gara-gara hashtagh #kaburajadulu;kamu saja gak punya sopan ke rakyat indonesia bahkan ngusir warga sendiri keluar negeri hanya gara gara hashtagh kaburajadulu;negatif;99.84;negatif
Ga percaya pemerintah dan elemen institusi lainnya KORUPTIF;ga percaya pemerintah dan elemen institusi lainnya koruptif;negatif;99.83;negatif
Gedeg bgt liat dpr pada kabur #KaburAjaDulu buat rakyat bukan buat lu pada jing. Ini seleksi dpr gimana sih? Nyari anggota yang dikit dikit kabur;gedeg banget lihat dpr pada kabur kaburajadulu buat rakyat bukan buat kamu pada jing ini seleksi dpr bagaimana sih mencari anggota yang dikit dikit kabur;negatif;99.83;negatif
pliss semoga ntar ak kerja di luar negeri aja muak sama negara ini;pliss semoga nanti saya kerja di luar negeri saja muak sama negara ini;negatif;99.82;negatif
@chunchunchunie_ kita disuruh percaya sama pemerintah dia padahal gara-gara dia rakyat sengsara kaya gini... ga ngerti lagi sumpah ;kita disuruh percaya sama pemerintah dia padahal gara gara dia rakyat sengsara kaya gini ga mengerti lagi sumpah;negatif;99.82;negatif
banyk korupsi, peraturan nyusahin masyarakat, banyak gangster, pemalakan oknum😹, masa iya ga di raguin wkwk;banyk korupsi peraturan nyusahin masyarakat banyak gangster pemalakan oknum masa iya ga di raguin wkwk;negatif;99.82;negatif
kasihan anak anak muda yg kecewa sama Negaranya sendiri;kasihan anak anak muda yang kecewa sama negaranya sendiri;negatif;99.82;negatif
@SiaranBolaLive orang gatau malu giliran dah rusuh #KaburAjaDulu;orang gatau malu giliran deh rusuh kaburajadulu;negatif;99.81;negatif
@abu_waras curiga nuduh plintir gitu aja gaya rezim ini ngeles dari kelemahan dan ketidakmampuan.... #Muak #indonesiaGelap;curiga nuduh plintir gitu saja gaya rezim ini berkilah dari kelemahan dan ketidakmampuan muak indonesiagelap;negatif;99.8;negatif
pejabat : “la bodoamat”;pejabat lah bodoamat;negatif;99.8;negatif
Sebaik apapun branding pemerintah di media. Ko bawaanya ga percaya dan ttp benci ya. Astaghfirullah buruk sekali hatiku;sebaik apapun branding pemerintah di media ko bawaanya ga percaya dan ttp benci iya astaghfirullah buruk sekali hatiku;negatif;99.79;negatif
@lndonesiaGelap @tanyakanrl Pertanyaan nya hakim adil ga bikin keputusan ? Teh melly seorang dpr aja heran lah lu? Lu apa any penyefong bokep so so an berada di pihak Hakim wkwk peringatan darurat mah mana ada pro pemerintah dan parlemen nya hhhaa ini masih aja percaya ga salah si orang otak nya rusak;pertanyaan nya hakim adil ga bikin keputusan kakak perempuan melly seorang dpr saja heran lah kamu kamu apa any penyefong porno so so an berada di pihak hakim wkwk peringatan darurat mah mana ada profesional pemerintah dan parlemen nya hhhaa ini masih saja percaya ga salah si orang otak nya rusak;negatif;99.79;negatif
@kodosunofficial #kaburajadulu nanti diganti #matiditanganbule wong imigran disana lagi sentimen negatif;kaburajadulu nanti diganti matiditanganbule wong imigran disana lagi sentimen negatif;negatif;99.79;negatif
Gue kl jadi mbaknya nolak dan cari kerja di luar negeri sih. Menetap di sana membanggakan negara bersangkutan sebagai bentuk kecewa yg mendalam;saya kalau jadi mbaknya nolak dan cari kerja di luar negeri sih menetap di sana membanggakan negara bersangkutan sebagai bentuk kecewa yang mendalam;negatif;99.79;negatif
korup lahhhhh;korupsi lahhhhh;negatif;99.79;negatif
@fraurly KAKAK aku kabur sumpah #KaburAjaDulu ini semua diluar kendali aku. Coba kakak jawab dulu aku bagian nyontek. ;kakak aku kabur sumpah kaburajadulu ini semua diluar kendali aku coba kakak jawab dulu aku bagian nyontek;negatif;99.78;negatif
aku kabur aja dulu dari tahun 2009 bang enak di negara orang karena di negara sendiri aku nganggur;aku kabur saja dulu dari tahun bang enak di negara orang karena di negara sendiri aku tidak punya pekerjaan;negatif;99.78;negatif
@SahroniNasdem Orang kerja aja absen berhari-hari aja dipecat sama bos Lah ini udah absen kerja ke luar negeri pula gmn nih para bos baiknya???;orang kerja saja absen berhari hari saja dipecat sama bos lah ini sudah absen kerja ke luar negeri pula gmn ini para bos baiknya;negatif;99.78;negatif
mau hidup enak tidur aja lah bos ngopi merokok miskin salahkan pemerintah;mau hidup enak tidur saja lah bos ngopi merokok miskin salahkan pemerintah;negatif;99.78;negatif
Untung donatur gw bukan DPR (dia kerja di perusahaan luar negeri ya) awas aja ngatain. Gw juga jijik dgn dpr ituh https://t.co/1Wl4DqmsKE;untung donatur saya bukan dpr dia kerja di perusahaan luar negeri iya awas saja ngatain saya juga jijik dengan dpr ituh;negatif;99.78;negatif
Yuk kak info pergi kmna;yuk kak informasi pergi kmna;netral;99.77;netral
Serem banget ya masuk ke sistem isinya orang penjilat bukan diliat dari inteligensinya. Mending #kaburajadulu kalo gitu mah️;serem banget iya masuk ke sistem isinya orang penjilat bukan diliat dari inteligensinya lebih baik kaburajadulu kalau gitu mah;negatif;99.77;negatif
hhhhh kebanyakan nyalahin penerintah tapi males kerja biasanya;hhhhh kebanyakan nyalahin penerintah tapi males kerja biasanya;negatif;99.77;negatif
@txtdrpemerintah Dulu dihujat sekarang sendirinya yg #KaburAjaDulu;dulu dihujat sekarang sendirinya yang kaburajadulu;negatif;99.77;negatif
@apralzolam Eh beneran muakk bgtt ga sih ini reall pemerintah indo isinya korupsi doang yak kayak HAHHHH GITUU KEK GA NGOTAK WOI DZOLIM NYA UDAH NEXT LEVELLL MENTOKK KAYAK MEREKA INI PADA GA TAKUT MASUK NERAKAA KAHH TRS MEREKAA INI PADA PERCAYA AKHIRATT NDA SEHHH https://t.co/dVttje0G5O;eh beneran muakk bgtt ga sih ini reall pemerintah indo isinya korupsi doang yak kayak hahhhh gituu seperti ga ngotak woi dzolim nya sudah lanjut levelll mentokk kayak mereka ini pada ga takut masuk nerakaa kahh terus merekaa ini pada percaya akhiratt tidak sehhh;negatif;99.76;negatif
@tanyarlfes Jokowi ga jelas ijazah Prabowo entah berhenti atau dipecat dari TNI Yang berkuasa Luhut atau presiden? Dari situ aja ngapain percaya pemerintah?!;jokowi ga jelas ijazah prabowo entah berhenti atau dipecat dari tni yang berkuasa luhut atau presiden dari situ saja sedang apa percaya pemerintah;negatif;99.76;negatif
@mcitraningrum Budaya ga percaya sains kaya pemerintah di negara mana gt. https://t.co/Zrrz6rFRDc;budaya ga percaya sains kaya pemerintah di negara mana begitu;negatif;99.76;negatif
@ARSIPAJA Maksud bapak pemerintah sendiri? Iya kan yg bikin rakyat ga percaya ya kelakuan pemerintah sendiri;maksud bapak pemerintah sendiri iya kan yang bikin rakyat ga percaya iya kelakuan pemerintah sendiri;negatif;99.76;negatif
@Giiselje KEMAREN KATANYA GABOLEH #KABURAJADULU KOK SEKARANG MALAH MENDUKUNG? OIYA NEGARA LAGI DIATUR PEMBUNUH JADI MENDING DISURUH KABUR AJA;kemarin katanya gaboleh kaburajadulu kok sekarang bahkan mendukung oiya negara lagi diatur pembunuh jadi lebih baik disuruh kabur saja;negatif;99.75;negatif
yaelah lu aja stuck di galangan 🗿;yaelah kamu saja stuck di galangan;negatif;99.75;negatif
kayak Lo saingan aja. Ke luar negeri pun tak mampu lo;kayak kamu saingan saja ke luar negeri pun tidak mampu kamu;negatif;99.75;negatif
@txtdrimhswa @xathrya Bro koruptor kritik org lain karena korupsi masih lu percaya ga? Ya sama kaya NH ini sering kritik pemerintah krn penyalahgunaan wewenang lah managemennya melakukan hal yg sama.;saudara laki-laki koruptor kritik org lain karena korupsi masih kamu percaya ga iya sama kaya nh ini sering kritik pemerintah karena penyalahgunaan wewenang lah managemennya melakukan hal yang sama;negatif;99.75;negatif
mles juga saingan ama lu;mles juga saingan sama kamu;negatif;99.74;negatif
@KFRNKM Well they can #kaburajadulu banyak tmn2 stem gw yg udah kabur duluan kemaren. Biar adil soshum juga #kaburajadulu Soalnya mau soshum mau STEM mah sama2 surem kali. Selama ada wowo ada wapres bau jigong dan keluarganya yg korup bahlil dan gerombolannya mah indonesia gelap.;well they belum kaburajadulu banyak tmn stem saya yang sudah kabur duluan kemarin biar adil soshum juga kaburajadulu soalnya mau soshum mau stem mah sama surem kali selama ada wowo ada wapres bau jigong dan keluarganya yang korupsi bahlil dan gerombolannya mah indonesia gelap;negatif;99.74;negatif
@AhlulQohwah Ini beneran? #kaburajadulu;ini beneran kaburajadulu;negatif;99.74;negatif
dulu kalian yang ngehujat #KaburAjaDulu eh sekarang gantian kalian yang kabur padahal kalian yang kerjanya gak bener tapi kenapa malah kalian yang kabur kita yang kena dampak dari semua gak becus-an kalian;dulu kalian yang ngehujat kaburajadulu eh sekarang gantian kalian yang kabur padahal kalian yang kerjanya gak benar tapi kenapa bahkan kalian yang kabur kita yang kena dampak dari semua gak becus an kalian;negatif;99.74;negatif
Udahh ga percaya lagi omongan anghota dpr. Yg sll minta maaf hanya unt unt mengamankan posisi mrk sbg anggota DPR yg bergelimangan uang. Sedangkan rakyat menderita dgn kebijakan pemerintah yg semakin blunder.;udahh ga percaya lagi omongan anghota dpr yang selalu minta maaf hanya unt unt mengamankan posisi mrk sbg anggota dpr yang bergelimangan uang sedangkan rakyat menderita dengan kebijakan pemerintah yang semakin blunder;negatif;99.73;negatif
nyatanya pengen kaburajadulu,kalah saing di Indonesia kaburnya ke Jepang yang minatnya sedikit;nyatanya pengen kaburajadulu kalah saing di indonesia kaburnya ke jepang yang minatnya sedikit;negatif;99.73;negatif
@grok @diii_sease @tanyakanrl Kami disini udah ga percaya institusi sama pemerintah @grok mereka hanya mementingkan kebutuhan golongan dan keluarganya saja. @grok tidak ada niatan bikin parpol kah?;kami disini sudah ga percaya institusi sama pemerintah mereka hanya mementingkan kebutuhan golongan dan keluarganya saja tidak ada niatan bikin partai politik kah;negatif;99.72;negatif
mantap bangg;mantap bangg;positif;99.72;positif
wkwk ketebak isi komennya pada percaya anjir wkwk di us tiktok diblokir gua jamin di indo mah ga akan pernah karena isinya peliharaan pemerintah semua wkwk;wkwk ketebak isi komennya pada percaya anjing wkwk di us tiktok diblokir saya jamin di indo mah ga akan pernah karena isinya peliharaan pemerintah semua wkwk;negatif;99.72;negatif
lagi gonjang-ganjing gini malah pada cabut #KaburAjaDulu dilakukan juga ama mereka nih;lagi gonjang ganjing gini bahkan pada pergi kaburajadulu dilakukan juga sama mereka ini;negatif;99.71;negatif
down? salahin pemerintah yang nggak peduli tentang itu. ke tempat kerja selalu capek? salahin pemerintah yang ga pernah merhatiin hak pekerja. lu gagal beasiswa ke luar negeri? salahin pemerintah yang buat angka dolar turun banget jadinya susah bayar ielts. lu gagal jadi anak;down salahin pemerintah yang tidak peduli tentang itu ke tempat kerja selalu capek salahin pemerintah yang ga pernah merhatiin hak pekerja kamu gagal beasiswa ke luar negeri salahin pemerintah yang buat angka dolar turun banget jadinya susah bayar ielts kamu gagal jadi anak;negatif;99.71;negatif
SJW sampah mau #KaburAjaDulu kemana nech https://t.co/CmZv8Bv3nW;sjw sampah mau kaburajadulu kemana nech;negatif;99.7;negatif
@adith_wp @LutfiHidayatR Udah jadi penggerak #KaburAjaDulu kok ga bisa lari;sudah jadi penggerak kaburajadulu kok ga bisa lari;negatif;99.7;negatif
Yaelah pak kalo semua org ada privilege buat kabur ke YORDANIA tahun 1998 juga sapa sih yg ga mau. Situ kan predecessor kita #kaburajadulu generasi pertama ente pak. Jilat ludah sendiri jatuhnya ente;yaelah pak kalau semua org ada privilege buat kabur ke yordania tahun juga sapa sih yang ga mau situ kan predecessor kita kaburajadulu generasi pertama ente pak jilat ludah sendiri jatuhnya ente;negatif;99.7;negatif
Gue seneng banget ngeliat hidup lu bang nyantai selow cari kerja juga nggak ngoyo tapi bisa nikmati hidup suka traktir keluarga sama temen makan enak di resto mahal sama bisa jalan-jalan ke luar negeri ciri-ciri orang berkecukupan hidupnya dan bebas hutang ini mah ;saya seneng banget melihat hidup kamu bang nyantai selow cari kerja juga tidak ngoyo tapi bisa nikmati hidup suka traktir keluarga sama teman makan enak di resto mahal sama bisa jalan jalan ke luar negeri ciri ciri orang berkecukupan hidupnya dan bebas hutang ini mah;positif;99.7;positif
Ini gak ada persatuan dukun aja ? Percaya ga percaya tuh semua jalur coba aja sih. Azab dari Tuhan kelamaan gimana kalau disantetin aja ama banyak dukun ? Pemerintah dzalim banget takut banget tinggal di indo gini amat nasibnya ;ini gak ada persatuan dukun saja percaya ga percaya tuh semua jalur coba saja sih azab dari tuhan kelamaan bagaimana kalau disantetin saja sama banyak dukun pemerintah dzalim banget takut banget tinggal di indo gini amat nasibnya;negatif;99.7;negatif
Susah payah memelihara dan menjaga kebudayaan indonesia eh dprnya malah #KaburAjaDulu The irony.;susah payah memelihara dan menjaga kebudayaan indonesia eh dprnya bahkan kaburajadulu the irony;negatif;99.7;negatif
"Makanya ga percaya kalo pertamina ngakunya rugi mulu (cuma akal-akalan pemerintah) padahal harga bensinnya jauh lebih mahal dibanding harga bensin negara tetangga &amp; udah jelas monopoli gini dah ";makanya ga percaya kalau pertamina ngakunya rugi melulu cuma akal akalan pemerintah padahal harga bensinnya jauh lebih mahal dibanding harga bensin negara tetangga amp sudah jelas monopoli gini deh;negatif;99.69;negatif
saya cinta Indonesia, tapi Indonesia ga cinta saya 😄;saya cinta indonesia tapi indonesia ga cinta saya;negatif;99.69;negatif
Rugi bang😂🤣 kuliah mahal udah bgtu jdi TKi udah habis in uang bnyak eh keluar negeri juga bgt uang bnyak juga🗿;rugi bang kuliah mahal sudah bgtu jadi tki sudah habis in uang bnyak eh keluar negeri juga banget uang bnyak juga;negatif;99.69;negatif
@Hilmi28 Lhoo kok janji kampanye nya kemana ??? #kaburajadulu ???;lhoo kok janji kampanye nya kemana kaburajadulu;negatif;99.69;negatif
@hanyujinz @1 Jangan ya? Masa masih kecil udah mau #KaburAjaDulu? Negara kita waktu itu masih baik baik aja yak. Abang juga gak mau deket deket Yucil belum mandi soalnya.;jangan iya masa masih kecil sudah mau kaburajadulu negara kita waktu itu masih baik baik saja yak abang juga gak mau deket deket yucil belum mandi soalnya;negatif;99.68;negatif
aku setuju, di indonesia udah banyak persyaratannya gajinya ga sesuai sama apa yang kita kerjain;aku setuju di indonesia sudah banyak persyaratannya gajinya ga sesuai sama apa yang kita kerjain;negatif;99.68;negatif
@bogelitikgoons @idextratime Ga percaya pemerintah tapi dengan merugikan orang lain ? Yang jadi pertanyaan mereka2 ini emang beneran pro rakyat apa emang ada yang nyuruh ?;ga percaya pemerintah tapi dengan merugikan orang lain yang jadi pertanyaan mereka ini emang beneran profesional rakyat apa emang ada yang nyuruh;negatif;99.68;negatif
info kabur bang;informasi kabur bang;negatif;99.67;negatif
1. Mewakili Presiden Prabowo Subianto Menteri Luar Negeri Sugiono menghadiri KTT Darurat Arab-Islam Organisasi Kerja Sama Islam (OKI) di Doha Qatar pada 9 September 2025.;mewakili presiden prabowo subianto menteri luar negeri sugiono menghadiri ktt darurat arab islam organisasi kerja sama islam oki di doha qatar pada september;netral;99.67;netral
anjirr suhu ini mah 😂😂😂;anjirr suhu ini mah;negatif;99.67;negatif
"nih ya kalo pemerintahan indo bobrok terus
bakal ada revolusi sih";ini iya kalau pemerintahan indo bobrok terus bakal ada revolusi sih;negatif;99.67;negatif
jangankan dpr presiden aja #KaburAjaDulu;jangankan dpr presiden saja kaburajadulu;negatif;99.66;negatif
@dhita_pedhe Mereka yang begitu juga kayaknya pengen mereka juga yang kena musibah. Tapi mengingat mereka punya uang banyak buat #KaburAjaDulu jadi bener kayaknya mau genosida in penduduk sendiri.;mereka yang begitu juga kayaknya pengen mereka juga yang kena musibah tapi mengingat mereka punya uang banyak buat kaburajadulu jadi benar kayaknya mau genosida in penduduk sendiri;negatif;99.66;negatif
DOSA TERBESAR ADALAH PADA MASYARAKAT YANG MENDAPAT 'SERANGAN FAJAR' KETIKA PEMILU & PILKADA. Sehingga terpilih PEJABAT2 YANG ZALIMMMM😞INDONESIA CEMAS;dosa terbesar adalah pada masyarakat yang mendapat serangan fajar ketika pemilu pemilihan kepala daerah sehingga terpilih pejabat yang zalimmmmindonesia cemas;negatif;99.65;negatif
ikut bang,ga kuat bat disini;ikut bang ga kuat bat disini;negatif;99.65;negatif
Jangan ikutin dia bisa saja merusak Indonesia dengan kesalah kecilnye jika banyak orang Indonesia pergi dan mengikuti tren ini INDONESIA AKAN HANCUR DAN KITA AKAN DIJAJAH DAN MUNGKIN YANG KALIAN;jangan ikutin dia bisa saja merusak indonesia dengan kesalah kecilnye jika banyak orang indonesia pergi dan mengikuti trend ini indonesia akan hancur dan kita akan dijajah dan mungkin yang kalian;negatif;99.64;negatif
@inboundandhot kan mereka gapeduli sama orang lain maunya #KaburAjaDulu;kan mereka gapeduli sama orang lain maunya kaburajadulu;negatif;99.64;negatif
mau ikut tren kabur aja dulu tapi sadar diri makan aja susah jadi ke inget pesan orang tua kita ini orang susah jangan berlagak seperti orang kaya;mau ikut trend kabur saja dulu tapi sadar diri makan saja susah jadi ke inget pesan orang tua kita ini orang susah jangan berlagak seperti orang kaya;negatif;99.64;negatif
"iya kaka sebab SDM kita di atur susah SE enak jidat apa"" nyalahin pemerintahan tapi ga sadar diri🙃";iya kakak sebab sdm kita di atur susah se enak jidat apa nyalahin pemerintahan tapi ga sadar diri;negatif;99.64;negatif
Waduh 😂😂😂😂;waduh;negatif;99.62;negatif
Teman kantor gw ada rencana mau pindah kerja ke luar negeri. Dalam pikiran gw udah pindah kerja aja lu mungkin aja di sana lebih baik daripada di sini . Gw gak tanya lanjut alasan aslinya karena itu hak dia. Terus dia tiba-tiba nyeletuk muak jadi wni .;teman kantor saya ada rencana mau pindah kerja ke luar negeri dalam pikiran saya sudah pindah kerja saja kamu mungkin saja di sana lebih baik daripada di sini saya gak tanya lanjut alasan aslinya karena itu hak dia terus dia tiba tiba nyeletuk muak jadi wni;negatif;99.61;negatif
keren bung lanjutkan;keren bung lanjutkan;positif;99.61;positif
MAUUUU DIBIAYAI KORUPTOR BUAT #KaburAjaDulu PAKKKK PLS KORUPTOR SIAPAPUN BIAYAI AKU UNTUK #KaburAjaDulu DONGGGG PLS NANTI KU PANGGIL DADDY TRS AKU GORENG;mauuuu dibiayai koruptor buat kaburajadulu pakkkk pls koruptor siapapun biayai aku untuk kaburajadulu dongggg pls nanti ku panggil daddy terus aku goreng;negatif;99.61;negatif
@txtdrimedia Jangan lupa min koruptor juga nyuruh #KaburAjaDulu Maksudnya biar gak ditangkap Kebanyakan koruptor kabur ke negara ini https://t.co/LEYF6gt7jF;jangan lupa min koruptor juga nyuruh kaburajadulu maksudnya biar gak ditangkap kebanyakan koruptor kabur ke negara ini;negatif;99.6;negatif
3 tahun lagi telat gak bang Ama trend ini 🥺?;tahun lagi terlambat gak bang sama trend ini;negatif;99.59;negatif
Ceritanya #KaburAjaDulu ?? Kalau kata Bahlil dulu .... Saya meragukan nasionalisme kalian Masalah yg dibuat oleh dirinya sendiri. Tapi dia enggan menemui langsung ke rakyat Indonesia malah memilih kabur ke luar negeri. Pengecut;ceritanya kaburajadulu kalau kata bahlil dulu saya meragukan nasionalisme kalian masalah yang dibuat oleh dirinya sendiri tapi dia enggan menemui langsung ke rakyat indonesia bahkan memilih kabur ke luar negeri pengecut;negatif;99.59;negatif
@omdhilproject @feelingndr udah mana respon mereka yang tiba' ngelakuin trend #KaburAjaDulu;sudah mana respon mereka yang tiba ngelakuin trend kaburajadulu;negatif;99.58;negatif
Rasa aman gratis kan kak? Tidak kelaparan, tidak perang dll. Itu basic banget buat disyukuri;rasa aman gratis kan kak tidak kelaparan tidak perang dan lain-lain itu basic banget buat disyukuri;positif;99.56;positif
The bestt mang;the bestt mang;positif;99.56;positif
@yudhakhel Yaudah ga percaya aja sama pemerintah.;ya sudah ga percaya saja sama pemerintah;negatif;99.56;negatif
yaAllah nenek sm cucu ini yg jadi korban kena imbas juga.. Sedih.. ya emg sialan lah situasi skrg ujung2nya yg selalu berasa getahnya tuh yg dibawah!! Apalagi yg diatas ya mana peduliiii #kaburajadulu;yaallah nenek sm cucu ini yang jadi korban kena imbas juga sedih iya emg sialan lah situasi skrg ujungnya yang selalu berasa getahnya tuh yang dibawah apalagi yang diatas iya mana peduliiii kaburajadulu;negatif;99.56;negatif
"Seandainya gw jago bhs enggreess gw udah kabur juga, syg gua kabur"" dulu saat pljaran bhs enggres. 🤣😅🗿 All hasil nyesal dong. 😂";seandainya saya jago bhs enggreess saya sudah kabur juga sayang saya kabur dulu saat pljaran bhs enggres all hasil nyesal dong;negatif;99.53;negatif
Betul mantap sekali lihat modal luar negeri masuk Tanah Air! Inisiatif besar kesempatan kerja bertambah keuangan negara naik pesat. Saya pasti sangat mendukung! Perkuat KEMITRAAN GLOBAL;betul mantap sekali lihat modal luar negeri masuk tanah air inisiatif besar kesempatan kerja bertambah keuangan negara naik pesat saya pasti sangat mendukung perkuat kemitraan global;positif;99.53;positif
This. Gak harus sampai sechaos ini kalau dari awal mereka diterima dan didengarkan aspirasinya. Ini malah anggota DPR nya #KaburAjaDulu ;this gak harus sampai sechaos ini kalau dari awal mereka diterima dan didengarkan aspirasinya ini bahkan anggota dpr nya kaburajadulu;negatif;99.51;negatif
kenapa Indonesia tidak maju ya karna ini;kenapa indonesia tidak maju iya karena ini;negatif;99.51;negatif
@tempodotco Terus Rakyatharus PERCAYA ???. . Sementara aliran dana koruptor dan oligharki justru pemerintah agak ga tahu ?;terus rakyatharus percaya sementara aliran dana koruptor dan oligharki justru pemerintah agak ga tahu;negatif;99.51;negatif
bantuin gua kabur plis 😭;bantuin saya kabur plis;negatif;99.5;negatif
saya menangis meliat ini pengen ikut;saya menangis meliat ini pengen ikut;negatif;99.5;negatif
Mau korupsi mau buat nyuci duit gue ga percaya lagi kontol. Film lo tuh JELEKKK BANGETT bahkan Keluarga Somad much better than your movie. Kalau ga didukung pemerintah kok bisa masuk Bioskop? Sedangkan film film UMKM indo yg bagus aja masih perlu ikut festival???;mau korupsi mau buat nyuci duit saya ga percaya lagi kontol film kamu tuh jelekkk bangett bahkan keluarga somad much better than your movie kalau ga didukung pemerintah kok bisa masuk bioskop sedangkan film film umkm indo yang bagus saja masih perlu ikut festival;negatif;99.49;negatif
alhamdulillah bang saya umur 20 sekarang kerja di jepang gaji si lumayan di banding Indonesia cuma biaya juga lumayan tapi orang orang di sana pada ramah apalagi cewe cewe nya ga mandang cakep yang penting mau berteman;alhamdulillah bang saya umur sekarang kerja di jepang gaji si lumayan di banding indonesia cuma biaya juga lumayan tapi orang orang di sana pada ramah apalagi cewek cewek nya ga mandang cakep yang penting mau berteman;positif;99.48;positif
@kumparan Kondisi hari ini beda lho. Pilihan investor banyak bahkan ada crypto yg hari ini terbukti investasi yg luar biasa hebat. Kalo respond mrk hanya sebatas tenang ini mengkawatirkan. Investor sudah ga sabar dan ga percaya dgn pemerintah indonesia maka kaburlah mereka.;kondisi hari ini beda lho pilihan investor banyak bahkan ada crypto yang hari ini terbukti investasi yang luar biasa hebat kalau respond mrk hanya sebatas tenang ini mengkawatirkan investor sudah ga sabar dan ga percaya dengan pemerintah indonesia maka kaburlah mereka;negatif;99.48;negatif
Wkwk ngasih makan aja kaga itu nasionalis 🤣;wkwk memberikan makan saja tidak itu nasionalis;negatif;99.47;negatif
@ARSIPAJA Harusnya mikir kenapa rakyat bsa gitu. Itu salah satu bentuk suara kalo rakyat udh ga percaya sama pemerintah itu sendiri;harusnya mikir kenapa rakyat bisa gitu itu salah satu bentuk suara kalau rakyat udh ga percaya sama pemerintah itu sendiri;negatif;99.47;negatif
Nyaman d luar negri untuk kerja #kaburajadulu;nyaman di luar negri untuk kerja kaburajadulu;positif;99.45;positif
pengen #KaburAjaDulu kek anak nya petinggi;pengen kaburajadulu seperti anak nya petinggi;negatif;99.44;negatif
"LAWATAN KERJA LUAR KE DOSM NEGERI PERLIS BAGI PENGUKUHAN PELAKSANAAN KAJIAN RINTIS SOAL SELIDIK THE INTERNATIONAL CONFERENCE OF LABOUR STATISTICIANS (ICLS) TAHUN 2025 SERTA TAKLIMAT &amp; PROMOSI HAB DATA PASARAN BURUH MALAYSIA (MYLABOURHUB) https://t.co/4ApsNIdWP2";lawatan kerja luar ke dosm negeri perlis bagi pengukuhan pelaksanaan kajian rintis soal selidik the international conference of labour statisticians icls tahun serta taklimat amp promosi hab data pasaran buruh malaysia mylabourhub;netral;99.43;netral
@txtdrimedia Berharap apa sama presiden yang ikutan #KaburAjaDulu ;berharap apa sama presiden yang ikutan kaburajadulu;negatif;99.42;negatif
kaburajadulu...urusan nasionalisme ato g trserah, negara aja makin ugal2an ngasih kebijakan yg ntah bijak ato g. yg nanggung hidup kita ya kita sndiri, smua kputusan ada pda kita. yuk para anakmuda,,beraksi, q sdh tua😁;kaburajadulu urusan nasionalisme atau g trserah negara saja makin ugalan memberikan kebijakan yang ntah bijak atau g yang nanggung hidup kita iya kita sendiri smua kputusan ada pda kita yuk para anakmuda beraksi q sdh tua;negatif;99.42;negatif
@ARSIPAJA Nggak bukan percaya. Mereka cuma mau kerja yang jelas. Soalnya selain di pemerintahan krjaan nya bisa tiba di phk anying. Terus kalian pemerintah itu ga bener ngurusin masalah orang nganggur dan masalah lain nya kaya batasan umur sbg nya!;tidak bukan percaya mereka cuma mau kerja yang jelas soalnya selain di pemerintahan krjaan nya bisa tiba di phk anying terus kalian pemerintah itu ga benar ngurusin masalah orang tidak punya pekerjaan dan masalah lain nya kaya batasan umur sbg nya;negatif;99.41;negatif
"emang dipersulit oleh pemerintah dgn persyaratan"" .beda dgn diluar Negeri";emang dipersulit oleh pemerintah dengan persyaratan beda dengan diluar negeri;negatif;99.41;negatif
otw nyusul bangg masih sekolah😮‍💨;on the way, sedang di jalan nyusul bangg masih sekolah;netral;99.41;netral
@strawbey12 gas Australia #kaburajadulu wkwkwk;gas australia kaburajadulu wkwkwk;negatif;99.4;negatif
@Candy ini kemana? protes? kalo protes ya kritik bukannya keluar negeri😡 salam pakar argumentasi, pakar konteks!😡😡😡;ini kemana protes kalau protes iya kritik bukannya keluar negeri salam pakar argumentasi pakar konteks;negatif;99.39;negatif
ngapain kabur;sedang apa kabur;negatif;99.38;negatif
kl bs smpe beranak pinak di sana bro,bw sklian ortu nya,emang lg parah parah nya di negeri ini.yg menikmati hidup ya hnya pejabat pejabat saja dengan sgla fasilitas nya;kalau bisa smpe beranak pinak di sana saudara laki-laki bawa sklian orang tua nya emang lagi parah parah nya di negeri ini yang menikmati hidup iya hanya pejabat pejabat saja dengan sgla fasilitas nya;negatif;99.36;negatif
Beberapa artis Indonesia memilih tinggal di luar negeri dan banting setir kerja demi nafkah. Dari tukang las sampai kurir kisahnya bikin salut! https://t.co/5utMJMKPap;beberapa artis indonesia memilih tinggal di luar negeri dan banting setir kerja demi nafkah dari tukang las sampai kurir kisahnya bikin salut;positif;99.35;positif
@kompascom Bonus demografi tapi kita punya pemerintah yang salah bukan meyakinkan para investor tapi malah memilih serakah demi kepentingan pribadi. Investor ga lagi percaya akan negara ini berakibat berkurangnya lapangan pekerjaan. Jadi yang bilang stop salahin pemerintah mikir lagi deh;bonus demografi tapi kita punya pemerintah yang salah bukan meyakinkan para investor tapi bahkan memilih serakah demi kepentingan pribadi investor ga lagi percaya akan negara ini berakibat berkurangnya lapangan pekerjaan jadi yang bilang stop salahin pemerintah mikir lagi deh;negatif;99.35;negatif
@devtorajd @didikz Otw #KaburAjaDulu ke oceania berarti;on the way, sedang di jalan kaburajadulu ke oceania berarti;netral;99.34;netral
kaya iya, tapi di tilep kekayaannya;kaya iya tapi di tilap kekayaannya;negatif;99.34;negatif
Tak Terima bantuan Asing untuk bencana #kaburajadulu 🤣🤣;tidak terima bantuan asing untuk bencana kaburajadulu;negatif;99.34;negatif
@somexthread Kelazz mba. Ini baru. Sy jg sering mikir yg bisa ngelawan para bajingan di konoha ini hrus pnya koneksi ke luar negeri entah itu dia kerja di LN atau mmng keluarga yg punya koneksi di LN. Klo kita pribumi takut diapa-apain sama mrka;kelazz mbak ini baru saya juga sering mikir yang bisa ngelawan para bajingan di konoha ini harus pnya koneksi ke luar negeri entah itu dia kerja di ln atau mmng keluarga yang punya koneksi di ln kalau kita pribumi takut diapa apain sama mrka;negatif;99.33;negatif
Emang udah bener harus #kaburajadulu;emang sudah benar harus kaburajadulu;negatif;99.32;negatif
saya cinta dengan indonesia nya, tidak dengan pemerintahannya;saya cinta dengan indonesia nya tidak dengan pemerintahannya;positif;99.32;positif
@ezrajonas14 Sebenernya wajar aja ga percaya zra kredibilitas pemerintah udah rendah sekali di mata masyarakat Indonesia sekelas UI aja bisa lolos2in disertasi Bahlil yg asal2an kalo ga di up terus sama netizen udah aman2 aja itu disertasi.;sebenernya wajar saja ga percaya zra kredibilitas pemerintah sudah rendah sekali di mata masyarakat indonesia sekelas ui saja bisa lolosin disertasi bahlil yang asalan kalau ga di up terus sama netizen sudah aman saja itu disertasi;negatif;99.31;negatif
lu yg nikah muda, lu yg ngebet bikin anak, lu yg nyalahin negara. orang² kaya lu ini yg sebenernya menghambat kemajuan negara;kamu yang nikah muda kamu yang ngebet bikin anak kamu yang nyalahin negara orang² kaya kamu ini yang sebenernya menghambat kemajuan negara;negatif;99.31;negatif
kalo ada kesempatan gua milih kerja di luar negri🗿,di indo susah bet cari kerja;kalau ada kesempatan saya milih kerja di luar negri di indo susah banget cari kerja;negatif;99.3;negatif
liat Revamp company culture company yang sekarang udah kaya mostly swedish company banget salah satu statement culture yang menarik menolak hustle culture dan fokus slow productivity Duh sebulan mau berangkat lanjut S2 ke Swedia jadi bambang #KaburAjaDulu;lihat revamp company culture company yang sekarang sudah kaya mostly swedish company banget salah satu statement culture yang menarik menolak hustle culture dan fokus slow productivity aduh sebulan mau berangkat lanjut s ke swedia jadi bambang kaburajadulu;positif;99.3;positif
banyak emang BG cuman persyaratan masuknya diluar nalar semua;banyak emang abang cuman persyaratan masuknya diluar nalar semua;negatif;99.3;negatif
kata siapa???😌;kata siapa;negatif;99.29;negatif
nasionalisme tidak membuat perut keyang..semangatt 🔥🔥;nasionalisme tidak membuat perut keyang semangatt;negatif;99.28;negatif
kalo ada duit juga bakal kabur aku nya,bhs ing udh lancar tinggal uangnya blm lancar 😔;kalau ada duit juga bakal kabur aku nya bhs ing udh lancar tinggal uangnya belum lancar;negatif;99.27;negatif
@jejakxdigital jogetin aja sayyy kita yg pinter tinggal #kaburajadulu;jogetin saja sayyy kita yang pinter tinggal kaburajadulu;negatif;99.26;negatif
Bang anak gue maksa ke luar negri,padahal dia baru kuliah semester 1😢;bang anak saya maksa ke luar negri padahal dia baru kuliah semester;negatif;99.26;negatif
@mbakwanjagung Duuuh WNI ga tuh agak berat yaa mengakuinya karena hawa-hawanya pengen #kaburajadulu https://t.co/W0rq5wDhWu;duuuh wni ga tuh agak berat yaa mengakuinya karena hawa hawanya pengen kaburajadulu;negatif;99.24;negatif
"tujuan kabur:
mencari pekerjaan ❌
mencari cewek ✅";tujuan kabur mencari pekerjaan mencari cewek;negatif;99.23;negatif
@ttiramisyu @tv27inch @tanyakanrl apa dia mau #KaburAjaDulu gitu ya;apa dia mau kaburajadulu gitu iya;negatif;99.22;negatif
loh heh loh heh katanya libtard hidup di jerman itu enak.... jadi #KaburAjaDulu gak nih ke jerman? awokwokwokwok ;loh heh loh heh katanya libtard hidup di jerman itu enak jadi kaburajadulu gak ini ke jerman awokwokwokwok;negatif;99.18;negatif
gw tidak sudi kerja di Indonesia, 1 tahun kedepan gw langsung kerja ke London, wajib.;saya tidak sudi kerja di indonesia tahun kedepan saya langsung kerja ke london wajib;negatif;99.18;negatif
udah saya bilang sejak 2017 konsisten crypto itu penipuan yg dilegalkan pemerintah masih aja byk masyarakat yg ga percaya. skrg indodax kena hack mampos klean para penyembah crypto!! Mwahahahahha logikanya simple aja https://t.co/3xeLqcLApf;sudah saya bilang sejak konsisten crypto itu penipuan yang dilegalkan pemerintah masih saja banyak masyarakat yang ga percaya skrg indodax kena hack mampos klean para penyembah crypto mwahahahahha logikanya simple saja;negatif;99.17;negatif
ini negara apa si, kocak beuttt;ini negara apa si kocak beuttt;negatif;99.15;negatif
RM bener banget bahwa yg membedakan BTS dgn boyband lain adalah attitude mereka. Udh dizholimi sedemikian rupa BTS tetap diam dan ga ada jelekin pemerintah sana sedikitpun. Mereka cuman selalu bilang Cukup percaya sama kami. I love you so much BTS Aku bangga jadi ARMY;rm benar banget bahwa yang membedakan bts dengan boyband lain adalah attitude mereka udh dizholimi sedemikian rupa bts tetap diam dan ga ada jelekin pemerintah sana sedikitpun mereka cuman selalu bilang cukup percaya sama kami i love you so much bts aku bangga jadi army;positif;99.14;positif
buzzer mending diem dehh;buzzer lebih baik diem dehh;negatif;99.14;negatif
"Baca estimasi ini buat yg bisa #kaburajadulu mendingan plan dari skrg jd gak stress mikirin sekolah anak. Kalau mau ke SG bisa apply PR trus jadi citizen u/ sekolah gratis. Ke Oz Jpn dan Eropa bisa lebih gampang prosesnya &amp; pasti dapat sekolah lokal yg terjangkau/gratis.";baca estimasi ini buat yang bisa kaburajadulu mendingan plan dari skrg jadi gak stress mikirin sekolah anak kalau mau ke sg bisa apply pr trus jadi citizen kamu sekolah gratis ke oz jpn dan eropa bisa lebih gampang prosesnya amp pasti dapat sekolah lokal yang terjangkau gratis;positif;99.12;positif
#KaburAjaDulu gak sih? ;kaburajadulu gak sih;negatif;99.1;negatif
NASIONALISME DAPET APAAN JIR😂😂;nasionalisme dapat apa anjing;negatif;99.1;negatif
Demikianlah belio pada saat itu mengambil keputusan dalam tekanan militer nippon dan tidak semudah memilih tetep tinggal di Indonesia atau #KaburAjaDulu di zaman sekarang. The founding fathers melihat nippon sebagai harapan sedangkan nippon memanfaatkan harapan tsb secara kejam.;demikianlah belio pada saat itu mengambil keputusan dalam tekanan militer nippon dan tidak semudah memilih tetep tinggal di indonesia atau kaburajadulu di zaman sekarang the founding fathers melihat nippon sebagai harapan sedangkan nippon memanfaatkan harapan tsb secara kejam;negatif;99.09;negatif
Emang yakin dek bisa bersaing?;emang yakin adik bisa bersaing;positif;99.07;positif
rambutnya giniin lagi dong 😁;rambutnya giniin lagi dong;negatif;99.06;negatif
"Yes fakta Indonesia makin cemerlang di panggung internasional! Ini hasil upaya gigih kita semua dari hubungan luar negeri hingga kerja nyata. Kerjasama pemerintah Indonesia &amp; rakyat tunjukkan Indonesia mampu berkontribusi signifikan di arena dunia. Makin DIAKUI DiGLOBAL";yes fakta indonesia makin cemerlang di panggung internasional ini hasil upaya gigih kita semua dari hubungan luar negeri hingga kerja nyata kerjasama pemerintah indonesia amp rakyat tunjukkan indonesia mampu berkontribusi signifikan di arena dunia makin diakui diglobal;positif;99.05;positif
untuk poin sdm rendah dan suka merusak fasilitas aku lowkey agree contohnya alat pendeteksi gempa yang suka dicuri. orang luar bukan ga peduli sama pemerintah mereka bisa percaya ya karena pajak mereka ga dikorupsi beda sama pejabat sini yang suka makan uang haram ;untuk poin sdm rendah dan suka merusak fasilitas aku lowkey agree contohnya alat pendeteksi gempa yang suka dicuri orang luar bukan ga peduli sama pemerintah mereka bisa percaya iya karena pajak mereka ga dikorupsi beda sama pejabat sini yang suka makan uang haram;negatif;99.03;negatif
"syarat rumit
gaji sedikit";syarat rumit gaji sedikit;negatif;99.03;negatif
@detikcom narasinya kemarin² sok peduli... dan memang nyatanya gak peduli #KaburAjaDulu ;narasinya kemarin² sok peduli dan memang nyatanya gak peduli kaburajadulu;negatif;99.03;negatif
Klo gue siih...Japan lbh nyaman....🥰;kalau saya siih japan lbh nyaman;positif;99.01;positif
kerjaanya scrol tiktok, sosoan nyaingin🥰;kerjaanya scrol tiktok sosoan nyaingin;negatif;99.01;negatif
bener cuma di manfaatkan doang;benar cuma di manfaatkan doang;negatif;99.01;negatif
MAUUUU BGT YA ALLAH🤲🏼;mauuuu banget iya allah;positif;98.99;positif
"Iya realita Indonesia makin berkilau di dunia! Ini buah kerja keras kita seluruh rakyat dari hubungan luar negeri hingga implementasi lapangan. Kerjasama pemerintah &amp; rakyat perlihatkan Indonesia mampu berperan besar di panggung internasional. Makin DIAKUI DiGLOBAL";iya realita indonesia makin berkilau di dunia ini buah kerja keras kita seluruh rakyat dari hubungan luar negeri hingga implementasi lapangan kerjasama pemerintah amp rakyat perlihatkan indonesia mampu berperan besar di panggung internasional makin diakui diglobal;positif;98.99;positif
@MamiaDoang Mantaaappp. Katanya Kepala desanya malah mau kerja ke luar negeri ya?;mantaaappp katanya kepala desanya bahkan mau kerja ke luar negeri iya;positif;98.98;positif
@masranvil Apakah.. ini adalah ajakan #KaburAjaDulu ? ;apakah ini adalah ajakan kaburajadulu;negatif;98.98;negatif
babu berkedok waiters😂;babu berkedok waiters;negatif;98.98;negatif
wibu sedang menghayal kuliah di singapur;wibu sedang menghayal kuliah di singapur;netral;98.98;netral
bener bgt bang👍👍👍;benar banget bang;positif;98.97;positif
Mau jadi Indonesia emas? bangun negeri? urusin koruptor dan oknum penjabat yg sesuka hati naikin dulu tuh rp jadi setara ama dolar bisa? enggak?;mau jadi indonesia emas bangun negeri urusin koruptor dan oknum penjabat yang sesuka hati naikin dulu tuh rp jadi setara sama dolar bisa tidak;negatif;98.94;negatif
Katanya negeri ini kaya, nyatanya banyak rakyat nya yang masih miskin🙃;katanya negeri ini kaya nyatanya banyak rakyat nya yang masih miskin;negatif;98.94;negatif
berawal dari #kaburajadulu sampai #harus kabur;berawal dari kaburajadulu sampai harus kabur;negatif;98.93;negatif
#singapuragelap... Yuk #kaburajadulu ke spore...;singapuragelap yuk kaburajadulu ke spore;netral;98.91;netral
Udah saatnya orang indo #kaburajadulu karena di korea udah ada cilok;sudah saatnya orang indo kaburajadulu karena di korea sudah ada cilok;negatif;98.91;negatif
POKOKNYA NANTI PAS GUA UDH KULIAH GUA GA MAU KULIAH DI INDO;pokoknya nanti pas saya udh kuliah saya ga mau kuliah di indo;negatif;98.86;negatif
Bupati Tangerang Banten Moch Maesyal Rasyid akan mengurangi dan menunda kegiatan perjalanan dinas seluruh Satuan Kerja Perangkat Daerah (SKPD) ke luar negeri sebagai langkah untuk menangani situasi dinamika di wilayahnya tersebut. https://t.co/mJIP7jTxMd;bupati tangerang banten moch maesyal rasyid akan mengurangi dan menunda kegiatan perjalanan dinas seluruh satuan kerja perangkat daerah skpd ke luar negeri sebagai langkah untuk menangani situasi dinamika di wilayahnya tersebut;netral;98.83;netral
jadi yakin nih buat #kabuarajadulu;jadi yakin ini buat kabuarajadulu;positif;98.83;positif
umur 40 masih bisa pa gak ya, mo kabur aja ke luar negeri;umur masih bisa pa gak iya mau kabur saja ke luar negeri;negatif;98.82;negatif
ajakin aku lur aku mau ikut kabur;ajakin aku lur aku mau ikut kabur;negatif;98.82;negatif
Bayar sekolah anak pake duit ya bukan pake nasionalis wkwk;bayar sekolah anak pakai duit iya bukan pakai nasionalis wkwk;negatif;98.82;negatif
@yappingfess Pengen kerja wfh di perusahaan luar negeri jobnya mudah gue ngerti bosnya baik kerjanya part time tapi gajinya kyak full time dan tentu gaji dollar i wish my dream comes true :);pengen kerja wfh di perusahaan luar negeri jobnya mudah saya mengerti bosnya baik kerjanya part time tapi gajinya kyak full time dan tentu gaji dollar i wish my dream comes true;positif;98.81;positif
Influencer NON Berbayar. Niat kami hanya ingin MENCEGAH penipuan cara gampang cari kerja dan pindah ke Australia 🇦🇺 yg blakangan marak banget. Penipunya makin GAMPANG dapet korban karena netijen terprovokasi tagar #kaburajadulu Merantau itu keren tapi ga bisa FOMO https://t.co/Km5KJQFWQZ;influencer non berbayar niat kami hanya ingin mencegah penipuan cara gampang cari kerja dan pindah ke australia yang blakangan marak banget penipunya makin gampang dapat korban karena netijen terprovokasi tagar kaburajadulu merantau itu keren tapi ga bisa fomo;negatif;98.81;negatif
tapi nyatanya apa?, rakyat pindah ke negara lain adalah dampak dri pemerintah negara sndri yg gk becus;tapi nyatanya apa rakyat pindah ke negara lain adalah dampak dari pemerintah negara sndri yang gk becus;negatif;98.8;negatif
@sijakbutodaaa Keren bgt anjay habis sidang langsung #KaburAjaDulu;keren banget anjay habis sidang langsung kaburajadulu;positif;98.78;positif
Love this !!! Gambaran hidup di NKRI.. disatu sisi sangat cinta merah putih dilain sisi sangat marah dgn para pejabat nya.. so lebih baik #kaburajadulu .. saya sudah #kaburdaridulu ..#kemerdekaan #nkrihargamati #ONEPIECE https://t.co/fesUqldbcx;love this gambaran hidup di nkri disatu sisi sangat cinta merah putih dilain sisi sangat marah dengan para pejabat nya so lebih baik kaburajadulu saya sudah kaburdaridulu kemerdekaan nkrihargamati onepiece;negatif;98.78;negatif
Paling keren setiap orang bisa peroleh kelebihan dari kolaborasi luar negeri! Kesempatan kerja nambah inovasi terbaru datang daerah tumbuh. Mari support! Perkuat KEMITRAAN GLOBAL https://t.co/TRpk1v41IF;paling keren setiap orang bisa peroleh kelebihan dari kolaborasi luar negeri kesempatan kerja nambah inovasi terbaru datang daerah tumbuh mari support perkuat kemitraan global;positif;98.77;positif
@msaid_didu Dia Pernah Kabur Aja tapi sekarang alergi dengan tagar #kaburAjaDulu - 1957 Keluarga Soemitro - 1998 @prabowo Tanda-tanda apa ya Pak @msaid_didu ?? https://t.co/d3pTmpVjal;dia pernah kabur saja tapi sekarang alergi dengan tagar kaburajadulu keluarga soemitro tanda tanda apa iya pak;negatif;98.76;negatif
"Harusnya ada si job platform buat #KaburAjaDulu tapi ada prosedur buat verify both employers/talent &amp; sedia jasa bantu2 ngurus pindahan .";harusnya ada si job platform buat kaburajadulu tapi ada prosedur buat verify both employers talent amp sedia jasa bantu mengurus pindahan;netral;98.75;netral
BMKG katanya ga kena efisiensi tapi kok bisa telat laporin gempa? Masih percaya kata2 pemerintah? https://t.co/alE7eRW4vy;bmkg katanya ga kena efisiensi tapi kok bisa terlambat laporin gempa masih percaya kata pemerintah;negatif;98.75;negatif
pengen juga;pengen juga;positif;98.73;positif
Siap, lebih baik mati kelaparan di negeri sendiri karena dekat dengan keluarga, dari pada mati banyak harta tapi sendirian diluar sana;siap lebih baik mati kelaparan di negeri sendiri karena dekat dengan keluarga dari pada mati banyak harta tapi sendirian diluar sana;negatif;98.72;negatif
@bbychocball @mintshderr Pake ai dlu minimal arti pembelot apa refuge yang keluar dari negaranya krena situasi apapun bukan pembelot goblok kalau dia pembelot wni yang #kaburajadulu loe angga begtu juga gausah ngidol belajar baca dlu yang bner.;pakai ai dulu minimal arti pembelot apa refuge yang keluar dari negaranya krena situasi apapun bukan pembelot bodoh kalau dia pembelot wni yang kaburajadulu kamu angga begtu juga gausah ngidol belajar baca dulu yang bner;negatif;98.71;negatif
info loker #KaburAjaDulu;informasi loker kaburajadulu;netral;98.71;netral
Muak menjadi WNI tp mau join #KaburAjaDulu gabisa cuz I don't have a lot of money damn;muak menjadi wni tapi mau join kaburajadulu gabisa cuz i don t have a lot of money damn;negatif;98.71;negatif
yg penting jangan ke Kamboja 🗿;yang penting jangan ke kamboja;negatif;98.7;negatif
kalau punya duit, gue jg bakalan #kaburajadulu wkwk;kalau punya duit saya juga akan kaburajadulu wkwk;negatif;98.69;negatif
foto lu blur bg .. pke kamera apa;foto kamu blur abang pke kamera apa;negatif;98.63;negatif
"apa yg mau dibangun kalau semua mua di korupsi? apa yg mau dibangun kalau ujung""nya gak di hargai? Carilah tempat dimana kamu dihargai dan dianggap ada.";apa yang mau dibangun kalau semua mua di korupsi apa yang mau dibangun kalau ujung nya gak di hargai carilah tempat dimana kamu dihargai dan dianggap ada;negatif;98.61;negatif
lapangan kerja banyak.. tapi ga ada yg gaji.. 😭😭😭;lapangan kerja banyak tapi ga ada yang gaji;negatif;98.61;negatif
lulus sekolah mau ke swiss dehhh #kaburajadulu;lulus sekolah mau ke swiss dehhh kaburajadulu;negatif;98.61;negatif
"@BudiBukanIntel Low trust society &gt;&gt; saling melindungi &amp; mensejahterakan next kin &amp; tetangga ga peduli/percaya sistem hukum. Whatever ills bangsa ini keluhkan ttg mereka kalo kepastian hukum &amp; pemerintah blangsak ya strategi komunitas mereka g salah2 amat.";kalau trust society begitu begitu saling melindungi amp mensejahterakan lanjut kin amp tetangga ga peduli percaya sistem hukum whatever ills bangsa ini keluhkan tentang mereka kalau kepastian hukum amp pemerintah blangsak iya strategi komunitas mereka g salah amat;negatif;98.57;negatif
saya guru, sebulan gada satu juta 🙏☺;saya guru sebulan gada satu juta;negatif;98.51;negatif
nitip;nitip;netral;98.5;netral
setuju bissmillah kerja di luar negri🙏;setuju bissmillah kerja di luar negri;positif;98.5;positif
tadi aku bilang ke mateo nak gausah ya nnti gede jdi brimob/polisi mami ga setuju bgt mending kerja di luar negeri aja papinya nyaut lagian juga gabakal bisa orang dia cina yaa ga salah .;tadi aku bilang ke mateo nak gausah iya nnti gede jadi brimob polisi mami ga setuju banget lebih baik kerja di luar negeri saja papinya nyaut lagian juga gabakal bisa orang dia cina yaa ga salah;negatif;98.49;negatif
"""kaburajadulu"" benar-benar mengajarkan ak untuk belajar bahasa asing lebih baik lagi, semangat guys";kaburajadulu benar benar mengajarkan saya untuk belajar bahasa asing lebih baik lagi semangat teman-teman;positif;98.47;positif
@kumparan Berada ada level apa apa yg diinfokan dr pemerintah ga percaya ;berada ada level apa apa yang diinfokan dr pemerintah ga percaya;negatif;98.41;negatif
generasi emas mau masuk surga..;generasi emas mau masuk surga;positif;98.39;positif
Di tengah munculnya tren #kaburajadulu there's lots of people that truly love and care about 🇮🇩 and fight for our country thru demo tapi sistem negara ini yang ga cinta dan care sm kita. Sedihhhhh stay safe yg turun ke jalan...;di tengah munculnya trend kaburajadulu there s lots of people that truly love and care about and fight for our country thru demo tapi sistem negara ini yang ga cinta dan care sm kita sedihhhhh stay safe yang turun ke jalan;negatif;98.39;negatif
#KaburAjaDulu ke Jerman yuk... Bisa kerja sampai umur 73 tahun... Kalau di sini umur segitu lagi senam di dekat sawah menikmati pemandangan alam desa...;kaburajadulu ke jerman yuk bisa kerja sampai umur tahun kalau di sini umur segitu lagi senam di dekat sawah menikmati pemandangan alam desa;positif;98.35;positif
Baguslah ajak Temen Sebanyak Banyaknya Indonesia terlalu Padat ,Biar yg cari kerja Saingan Berkurang;baguslah ajak teman sebanyak banyaknya indonesia terlalu padat biar yang cari kerja saingan berkurang;negatif;98.35;negatif
ini kenyataan boss;ini kenyataan boss;negatif;98.35;negatif
tak ada niatan bawa seluruh kluarga kesana mb, disegerakan;tidak ada niatan bawa seluruh keluarga kesana mb disegerakan;negatif;98.29;negatif
Tapi yang banyak terjadi sekarang.. Anaknya sekolah atau kerja di kota lain.. Bahkan nggak sedikit juga yang hidupnya di luar negeri.. Sementara aset-aset yang mau diwarisin ada di kampung halaman.. Jauh.. nggak terpakai.. dan malah jadi beban..;tapi yang banyak terjadi sekarang anaknya sekolah atau kerja di kota lain bahkan tidak sedikit juga yang hidupnya di luar negeri sementara aset aset yang mau diwarisin ada di kampung halaman jauh tidak terpakai dan bahkan jadi beban;negatif;98.28;negatif
idk why middles class indos getting offended by recent discourse lol. pas rame #KaburAjaDulu kan ada diaspora London yang dirujak setwitter gara-gara harus belanja ke pasar dll dan semua waktu itu juga kompak ngehujat dia. napa sekarang pada berubah pikiran dah aneh;saya tidak tahu why middles class indos getting offended by recent discourse tertawa pas ramai kaburajadulu kan ada diaspora london yang dirujak setwitter gara gara harus belanja ke pasar dan lain-lain dan semua waktu itu juga kompak ngehujat dia kenapa sekarang pada berubah pikiran deh aneh;negatif;98.27;negatif
@tanyarlfes Yg gw liat kebanyakan jurusan saintek. Gajinya bener2 menggiurkan terus bisa kerja ke luar negeri jg. Apalagi statistika atau aktuaria;yang saya lihat kebanyakan jurusan saintek gajinya benar menggiurkan terus bisa kerja ke luar negeri juga apalagi statistika atau aktuaria;positif;98.24;positif
dapet 271T kak😭;dapat t kak;netral;98.24;netral
mimpi gua dari kecil bisa pergi dan berkarir diluar negeri, 2025/2026 nyusul Aminnn;mimpi saya dari kecil bisa pergi dan berkarir diluar negeri nyusul aminnn;positif;98.23;positif
@WagimanDeep212_ Kemaren kayaknya udah banyak yg pada #kaburajadulu ‍️‍️‍️‍️‍️;kemarin kayaknya sudah banyak yang pada kaburajadulu;negatif;98.22;negatif
@NanaPegawai @Heraloebss Percaya deh kak honorer bakal terus ada. Karena mustahil para pemenang pilkada kemaren ga masukin simpatisan sanak famili ke jajaran pemerintah. Gubernur DKI aja udah sounding mau buka 1000 loker damkar entah gimana nanti regulasinya.;percaya deh kak honorer bakal terus ada karena mustahil para pemenang pemilihan kepala daerah kemarin ga masukkan simpatisan sanak famili ke jajaran pemerintah gubernur dki saja sudah sounding mau buka loker damkar entah bagaimana nanti regulasinya;negatif;98.2;negatif
NICEEE💋;niceee;positif;98.18;positif
cara belajar bahasa inggri dari bener bener awal itu mulai dari mana si? tolong dong saran, susah bgt belajar bahasa inggris;cara belajar bahasa inggri dari benar benar awal itu mulai dari mana si tolong dong saran susah banget belajar bahasa inggris;negatif;98.18;negatif
@Fahrihamzah Saya optimis Tapi saya sdh ga percaya dengan propaganda angka angka belajar dari 10 tahun terakhir Aturan saja bisa di atur apalagi sekedar angka angka kepuasan tugas pemerintah makin berat skrg meyakinkan rakyatnya;saya optimis tapi saya sdh ga percaya dengan propaganda angka angka belajar dari tahun terakhir aturan saja bisa di atur apalagi sekedar angka angka kepuasan tugas pemerintah makin berat skrg meyakinkan rakyatnya;negatif;98.16;negatif
"@fndltm_24 @Amal81gmailcom1 @AsahPolaPikir ga mungkin bgt org2 negara maju yg bebas ga melakukan 3 hal di atas and at the end of the day mereka tetep banyak yg sukses negaranya maju. bisa jg pemerintah jd salah satu faktor rakyatnya sejahtera. kalo org gagal krn malas &amp; suka menunda2 itu sih gue lebih percaya";ga mungkin banget org negara maju yang bebas ga melakukan hal di atas and at the end of the day mereka tetep banyak yang sukses negaranya maju bisa juga pemerintah jadi salah satu faktor rakyatnya sejahtera kalau org gagal karena malas amp suka menunda itu sih saya lebih percaya;positif;98.06;positif
lbih susah di indo, org berpendidikan tinggi kurang hargain disini, dan gaji nya juga ga seberpa;lbih susah di indo org berpendidikan tinggi kurang hargain disini dan gaji nya juga ga seberpa;negatif;98.04;negatif
@cyrnae Banting aku aja gaoaoa. Agenda #KaburAjaDulu kah? Ikut dong ke Mars. ;banting aku saja gaoaoa agenda kaburajadulu kah ikut dong ke mars;negatif;98.02;negatif
Atau ke kanada, haha aku udh pindah ke kanada 2 thn ini;atau ke kanada tertawa aku udh pindah ke kanada tahun ini;netral;98.01;netral
@BAFauzi_ @tempodotco Aku mah sejak awal ga percaya sama usaha yg dikelola pemerintah dan terbukti kan akhirnya.;aku mah sejak awal ga percaya sama usaha yang dikelola pemerintah dan terbukti kan akhirnya;positif;98.0;positif
#KaburAjaDulu Dulu ke yordania gampang gak ? https://t.co/wPN8bg3PIz;kaburajadulu dulu ke yordania gampang gak;netral;97.96;netral
skrng bukan masalah nasionalisme pak tp kita rakyat biasa ini perlu makan pak sedngkan cari makan di negara sndri susah kerja bnyak syaratnya;skrng bukan masalah nasionalisme pak tapi kita rakyat biasa ini perlu makan pak sedngkan cari makan di negara sndri susah kerja bnyak syaratnya;negatif;97.95;negatif
bahkan salah satu rakyat yang sedang berjuang kerja di luar negeri sebagai 'idol' pun bisa bersuara memang ga seberapa. tapi memperlihatkan kepedulian serta dukungan agar indonesia menjadi lebih baik lagi+;bahkan salah satu rakyat yang sedang berjuang kerja di luar negeri sebagai idol pun bisa bersuara memang ga seberapa tapi memperlihatkan kepedulian serta dukungan agar indonesia menjadi lebih baik lagi;positif;97.89;positif
pengen banget 🥺;pengen banget;positif;97.85;positif
org atas yg kaya, aku miskin dari zaman nenek ku smpek ke zaman ku, jdi jangan blng indo kaya, kalo kaya gak mungkin smpek skrng aku nganggur selama 1 tahun, udh ngirim cv ke sana ke sini, pernah di panggil utk interview eh tiba2 aku insecure krna tb min 150, secara indo itu manusia gak hanya raksasa, ad kurcaci jg jdi aku gak pergi krna pergi pun ttp gagal krna tb 138 udh kalah telak, dri pd malu mending aku sadar diri;org atas yang kaya aku miskin dari zaman nenek ku smpek ke zaman ku jadi jangan blng indo kaya kalau kaya gak mungkin smpek skrng aku tidak punya pekerjaan selama tahun udh ngirim cv ke sana ke sini pernah di panggil untuk interview eh tiba aku insecure krna tb min secara indo itu manusia gak hanya raksasa ada kurcaci juga jadi aku gak pergi krna pergi pun ttp gagal krna tb udh kalah telak dari pada malu lebih baik aku sadar diri;negatif;97.75;negatif
Konsolidasi sukses! Thank you nakama yang udah datang. kaga nyangka bisa rame banget nih Sudah pada siap buat #KaburAjaDulu https://t.co/NAwnhQGKz5;konsolidasi sukses thank you nakama yang sudah datang tidak nyangka bisa ramai banget ini sudah pada siap buat kaburajadulu;positif;97.73;positif
sedang di usahakan 😬;sedang di usahakan;netral;97.73;netral
viralkaaan;viralkaaan;negatif;97.69;negatif
Kalau pemerintah dan pejabatnya bikin statement ngaco kayak gini dan yg sudah-sudah ditambah rakyatnya yg gatau ilmunya dan percaya-percaya aja sih bahaya. Tumbuhkan rasa ingin tahu dan perbanyak membaca guys biar ga dibodoh-bodohi pemerintah dan pejabatnya;kalau pemerintah dan pejabatnya bikin statement ngaco kayak gini dan yang sudah sudah ditambah rakyatnya yang gatau ilmunya dan percaya percaya saja sih bahaya tumbuhkan rasa ingin tahu dan perbanyak membaca teman-teman biar ga dibodoh bodohi pemerintah dan pejabatnya;negatif;97.63;negatif
aku S1 dengan perjuangan yg sangat luar biasa karna JD mahasiswa d saat udh berumah tangga dengan dua anak ...mau tau g berapa honor ku per bulan 200.000 😂 Allhamdulillah 🙏;aku s dengan perjuangan yang sangat luar biasa karena jadi mahasiswa di saat udh berumah tangga dengan dua anak mau tahu g berapa honor ku per bulan allhamdulillah;positif;97.59;positif
yang paling penting di hidup ini duit pak bukan nasionalisme (menurut aing😁😁😁);yang paling penting di hidup ini duit pak bukan nasionalisme menurut saya;negatif;97.47;negatif
Bukan itu mslhnya..di konoha ini tuh Sumber daya alam kaya..tp Duit di kemanain..Rakyat tetap menjerit..Rakyat butuh Kesejahteraan spt di Barat sana.. di konoha kerja aja msh liat² Umur..apaan tuh..😆;bukan itu mslhnya di konoha ini tuh sumber daya alam kaya tapi duit di kemanain rakyat tetap menjerit rakyat butuh kesejahteraan seperti di barat sana di konoha kerja saja masih liat² umur apa tuh;negatif;97.47;negatif
@soie aku juga pengen ke jepang.. kemanapun bisa.. asal #kaburajadulu (kapan - kapan) (entah kapan) ;aku juga pengen ke jepang kemanapun bisa asal kaburajadulu kapan kapan entah kapan;positif;97.45;positif
kirain aku doamg yang capek tinggal di Indonesia 🤣🤣;kirain aku doamg yang capek tinggal di indonesia;negatif;97.39;negatif
@anomyhae @tempodotco Yang bisa kita lakuin sekarang ya coba percaya ke para peneliti dokter dan ahlinya. Kalau pemerintah kita anti-sains apakah kita jg mau anti-sains? Secara manusia skeptis itu wajar tapi kalau hal baik ga pernah dicoba bagaimana kita bisa tahu kalau itu bekerja?;yang bisa kita lakuin sekarang iya coba percaya ke para peneliti dokter dan ahlinya kalau pemerintah kita anti sains apakah kita juga mau anti sains secara manusia skeptis itu wajar tapi kalau hal baik ga pernah dicoba bagaimana kita bisa tahu kalau itu bekerja;negatif;97.34;negatif
gabisa, keluarga aku banya+ekonomi ga menjamin😔;gabisa keluarga aku banya ekonomi ga menjamin;negatif;97.3;negatif
sumpah gue jg mau;sumpah saya juga mau;positif;97.26;positif
#kaburajadulu harapan warga tapi dewan perWAKILan rakyat yang wakilin warga. sangat on point ya jobnya ;kaburajadulu harapan warga tapi dewan perwakilan rakyat yang wakilin warga sangat on point iya jobnya;negatif;97.1;negatif
Tapi emang kdang skenario tuhan itu diluar tebakan hamba nya ya wkwkwk dulu tuh pengen banget rantau ke jepang #kaburajadulu ke jepang tapi aku pendek dan mata minus mentok rantau ke malaysia ehhh sekarang diaksih offering bisa ke jepang di bayarin haha kayak gak sama tapi sama;tapi emang kdang skenario tuhan itu diluar tebakan hamba nya iya wkwkwk dulu tuh pengen banget rantau ke jepang kaburajadulu ke jepang tapi aku pendek dan mata minus mentok rantau ke malaysia ehhh sekarang diaksih offering bisa ke jepang di bayarin tertawa kayak gak sama tapi sama;negatif;97.07;negatif
kapan ya bisa pake hastag #kaburajadulu (sambil bayangin tinggal di Edinburgh);kapan iya bisa pakai hastag kaburajadulu sambil bayangin tinggal di edinburgh;netral;97.06;netral
ttp aja bayar pajak+biaya makan sisanya masih gede di Bandung kerja di indo;ttp saja bayar pajak biaya makan sisanya masih gede di bandung kerja di indo;negatif;97.05;negatif
@LopheByMe Ya langsung #KaburAjaDulu lah ngapain balik wqqq;iya langsung kaburajadulu lah sedang apa balik wqqq;negatif;97.05;negatif
keren gen z sekarang semangat gen z. suatu saat pulang dan rubah bangsa Indonesia JD negara maju dan bertaqwa.;keren gen z sekarang semangat gen z suatu saat pulang dan rubah bangsa indonesia jadi negara maju dan bertaqwa;positif;97.0;positif
ini negara apaan sebenarnya,msh layak huni gk si?;ini negara apa sebenarnya masih layak huni gk si;negatif;96.99;negatif
Mau ikut trend kabur dulu tapi cuma punya senyum pak soekarno 1 doang bisa gak?🥺;mau ikut trend kabur dulu tapi cuma punya senyum pak soekarno doang bisa gak;negatif;96.93;negatif
gimana caranya .. tapi gabisa bahasanya;bagaimana caranya tapi gabisa bahasanya;negatif;96.91;negatif
gue kerja di mall, pergi jam 6 pagi pulang jam 12 malam, pernah pulang kerja di tabrak dari belakang sama orang mabok pake mobil, gue nelfon atasan minta izin Krna posisi kaki udah banyak luka parah;saya kerja di mall pergi jam pagi pulang jam malam pernah pulang kerja di tabrak dari belakang sama orang mabok pakai mobil saya menelepon atasan minta izin krna posisi kaki sudah banyak luka parah;negatif;96.89;negatif
BANG AJAK AKU BANG🙏☺️;bang ajak aku bang;netral;96.87;netral
gmn caranya apply kak?;gmn caranya apply kak;netral;96.85;netral
aneh sih tp gue selalu ngebayangin gue ditangkep trus dibawa ke luar negeri buat kerja kotor. not lc ya ala2 film action lah yang did everything for money. hidup gue awalnya berat tp karena banyak temen seumuran gue rada enjoy sama kerjaannya. in my vision it'll be sad end.;aneh sih tapi saya selalu ngebayangin saya ditangkep trus dibawa ke luar negeri buat kerja kotor not lc iya ala film action lah yang did everything for money hidup saya awalnya berat tapi karena banyak teman seumuran saya rada enjoy sama kerjaannya in my vision it ll be sad end;positif;96.79;positif
@IMBMWK @rah3mat @anggaandinata Ya iya emang kalo pemerintah manapun keluarin data lo percaya 100% at face value gitu? Lo kan orang Indo nih emang lo pernah denger indo kasih tariff 64% buat US imports? Ga kepikiran untuk verify data atau formula yang dipake gitu? Beneran angka tariff ga itu? Atau bukan?;iya iya emang kalau pemerintah manapun keluarin data kamu percaya at face value gitu kamu kan orang indo ini emang kamu pernah denger indo kasih tariff buat us imports ga terpikirkan untuk verify data atau formula yang dipake gitu beneran angka tariff ga itu atau bukan;negatif;96.68;negatif
@aksaraluna #kaburajadulu ke Iceland yuk?;kaburajadulu ke iceland yuk;netral;96.66;netral
serius ga sih? sumpah? kok bisa percaya pemerintah?;serius ga sih sumpah kok bisa percaya pemerintah;negatif;96.58;negatif
moga rezekinya terus lancar dan betah di sini..lupakan sengketa antara negara yg ngak ada hubungan peribadi sama kita..yg penting jaga diri sendiri dan keluarga aja duluan👍👍👍;moga rezekinya terus lancar dan betah di sini lupakan sengketa antara negara yang ngak ada hubungan peribadi sama kita yang penting jaga diri sendiri dan keluarga saja duluan;positif;96.57;positif
bilg lh sam org tua demi masa depan , dari pada nyesal duluan entar;bilg lh sam org tua demi masa depan dari pada nyesal duluan entar;negatif;96.49;negatif
masa mau kerja saja harus nunggu umur 23 tahun 😁;masa mau kerja saja harus nunggu umur tahun;negatif;96.49;negatif
"dengan kesadaran penuh ""AKU SETUJU TAGAR KABUR AJA DULU"" dan pengen bgt kerja di luar negri daripada di Indonesia.";dengan kesadaran penuh aku setuju tagar kabur saja dulu dan pengen banget kerja di luar negri daripada di indonesia;negatif;96.4;negatif
@CNNIndonesia Coba tanya sama yg udh pengalaman @prabowo waktu itu #kaburajadulu disaat #indonesiagelap Gampang ga?;coba tanya sama yang udh pengalaman waktu itu kaburajadulu disaat indonesiagelap gampang ga;netral;96.36;netral
duh enaknya jadi orang kaya dan punya kuasa. kalo tempat kerja dirusak bisa wfh kalo takut diikutin sampe rumah bisa bayar pengawal kalo butuh tempat pelarian bisa kabur ke luar negeri;aduh enaknya jadi orang kaya dan punya kuasa kalau tempat kerja dirusak bisa wfh kalau takut diikutin sampai rumah bisa bayar pengawal kalau butuh tempat pelarian bisa kabur ke luar negeri;negatif;96.32;negatif
@sapphicsfess Tutorial kerja di luar negeri kak;tutorial kerja di luar negeri kak;netral;96.3;netral
Lapangan bulu tangkis mngkin mksd dia;lapangan bulu tangkis mngkin maksud dia;netral;96.28;netral
pemerintah tuh sadar gasih dari lama banyak sinyal dari pasar kalo mereka udh ga percaya sama kebijakan pemerintah ;pemerintah tuh sadar gasih dari lama banyak sinyal dari pasar kalau mereka udh ga percaya sama kebijakan pemerintah;negatif;96.27;negatif
@lANZAlNAL Mcm ni baru betul! Kalau nampak YB kt luar negara or negeri sound suruh pergi parlimen! Geram aku! Jgn ambik gaji lah kalau tak nak buat kerja!;mcm ini baru betul kalau nampak yb kita luar negara or negeri sound suruh pergi parlimen geram aku jangan ambik gaji lah kalau tidak nak buat kerja;negatif;96.09;negatif
coba aja dlu bang;coba saja dulu bang;netral;96.03;netral
WASPADA TERHADAP MODUS TINDAK PIDANA PERDAGANGAN ORANG BERKEDOK TAWARAN KERJA DI LUAR NEGERI Perlu diketahui keberangkatan ke luar negeri untuk tujuan bekerja wajib mengikuti prosedur dan regulasi yang berlaku serta menggunakan jalur resmi melalui instansi pemerintah terkait. https://t.co/CMPMzuLSGF;waspada terhadap modus tindak pidana perdagangan orang berkedok tawaran kerja di luar negeri perlu diketahui keberangkatan ke luar negeri untuk tujuan bekerja wajib mengikuti prosedur dan regulasi yang berlaku serta menggunakan jalur resmi melalui instansi pemerintah terkait;netral;96.02;netral
bang kok ngajak gw si,kan gw juga mau🗿;bang kok ngajak saya si kan saya juga mau;negatif;96.01;negatif
bissmillah aku jg yaAllah;bissmillah aku juga yaallah;positif;96.0;positif
ak jg mw🥰;saya juga now watching;netral;96.0;netral
gimana klo itu bukan ramalan tapi adalah rencana rahasia☠️;bagaimana kalau itu bukan ramalan tapi adalah rencana rahasia;negatif;95.98;negatif
Beli tas mahal? Disorot. Tapi pejabat plesiran ke luar negeri pakai uang rakyat? Dibilang kunjungan kerja .;beli tas mahal disorot tapi pejabat plesiran ke luar negeri pakai uang rakyat dibilang kunjungan kerja;negatif;95.92;negatif
Contoh sukses dari pergerakan #KaburAjaDulu mengasingkan diri ke negara lain lalu balik menjadi Presiden RI;contoh sukses dari pergerakan kaburajadulu mengasingkan diri ke negara lain lalu balik menjadi presiden ri;positif;95.89;positif
tergantung agen nya kak,kk cari agen dlu aja yg Ada job pabrik,dan ada lemburan;tergantung agen nya kak kakak cari agen dulu saja yang ada job pabrik dan ada lemburan;netral;95.87;netral
kurasa kamu menyukai motivasi, temukan habits mu, bisa cek akun saya.;kurasa kamu menyukai motivasi temukan habits mu bisa cek akun saya;netral;95.86;netral
@dipraal_ Klau ke dia minta lowongan kerja ke luar negeri aja;klau ke dia minta lowongan kerja ke luar negeri saja;netral;95.75;netral
 Menurut lo kalo ada orang dulunya kerja jadi kuli proyek di luar negeri terus tiba-tiba kena layoff apa kerjaan yg paling mungkin dia lakukan setelahnya? Yyg mastiin kerjaan barunya ada hubungannya sama freight forwarding? Juny sok tau bgt jawab iya katanya ;menurut kamu kalau ada orang dulunya kerja jadi kuli proyek di luar negeri terus tiba tiba kena layoff apa kerjaan yang paling mungkin dia lakukan setelahnya yyg mastiin kerjaan barunya ada hubungannya sama freight forwarding juny sok tahu banget jawab iya katanya;negatif;95.69;negatif
🇲🇨: Dipersilahkan bagi yg tidak mampu #KaburAjaDulu bahkan berkeinginan suiside.;dipersilahkan bagi yang tidak mampu kaburajadulu bahkan berkeinginan suiside;netral;95.66;netral
@Selir Lee Do-Hyun😅;lee do hyun;netral;95.55;netral
@simpovernaje_ kata gue sih #kaburajadulu her;kata saya sih kaburajadulu her;negatif;95.5;negatif
tergantung Lpknya;tergantung lpknya;netral;95.47;netral
Negara lain udh jauh lebih maju, dan kerja sama edukasi di luar negeri juga lebih bagus, ini juga buat future mereka, apalagi dengan kondisi indo sekarang, mikir;negara lain udh jauh lebih maju dan kerja sama edukasi di luar negeri juga lebih bagus ini juga buat future mereka apalagi dengan kondisi indo sekarang mikir;positif;95.45;positif
YANG MAU #KaburAjaDulu let s go!!;yang mau kaburajadulu let s go;netral;95.44;netral
syukurnya di infodps aku liat komennya pinter udh pada ga percaya sma pemerintah;syukurnya di infodps aku lihat komennya pinter udh pada ga percaya sama pemerintah;positif;95.43;positif
betul kak, dan orng2 sana contohnya Jepang mereka tau berteriukaaih dan atituteny bagus, klau dsni mau ad ank kcil ibu hamil ttp ngerokok, sedih sih ank muda lbih mmbnggkn negara luar.;betul kak dan orng sana contohnya jepang mereka tahu berteriukaaih dan atituteny bagus klau dsni mau ada anak kcil ibu hamil ttp ngerokok sedih sih anak muda lbih mmbnggkn negara luar;negatif;95.31;negatif
mau ikut..;mau ikut;netral;95.11;netral
ga heran kenapa banyak yang korupsi, ternyata pendapatan nya kecil;ga heran kenapa banyak yang korupsi ternyata pendapatan nya kecil;negatif;95.1;negatif
siapa pulak dia ngatur ngatur;siapa pulak dia ngatur ngatur;negatif;95.09;negatif
Top kita bersama bisa dapat manfaat dari kerja sama luar negeri! Kesempatan kerja nambah inovasi terbaru datang wilayah pedesaan berkembang. Mari support! Perkuat KEMITRAAN GLOBAL;top kita bersama bisa dapat manfaat dari kerja sama luar negeri kesempatan kerja nambah inovasi terbaru datang wilayah pedesaan berkembang mari support perkuat kemitraan global;positif;95.08;positif
Sekitar seminggu lalu aku liat berita KDM bikin syarat baru tentang dana bansos. Ga pernah sekagum itu sama kebijakan pemerintah sambil heran dan ga percaya juga sih emang mungkin ya syarat macam begitu bisa jalan? Eh ternyata- terjawab sudah. MUI segera bertindak. Ok deh;sekitar seminggu lalu aku lihat berita kdm bikin syarat baru tentang dana bansos ga pernah sekagum itu sama kebijakan pemerintah sambil heran dan ga percaya juga sih emang mungkin iya syarat macam begitu bisa jalan eh ternyata terjawab sudah mui segera bertindak ok deh;negatif;95.06;negatif
@belongshinee Ikut praktikan kamu balik koriya kali ya #kaburajadulu;ikut praktikan kamu balik koriya kali iya kaburajadulu;negatif;94.95;negatif
@gantenglahbray apalagi kita wni bisa sekalian #kaburajadulu;apalagi kita wni bisa sekalian kaburajadulu;negatif;94.79;negatif
bener bgt. teman ku nyari kja 2 tahun. g dapet2. pdhl mw jd karyawan pabrik loh. akhirnya kerja di arab saudi 2 tahun. bs nabung, beli tanah, sawah dan bangun rumah. begitu ad tabungan balik ke Indonesia. skg kja jd ojol 🗿🗿🗿;benar banget teman ku mencari kja tahun g dapat pdhl now watching jadi karyawan pabrik loh akhirnya kerja di arab saudi tahun bisa nabung beli tanah sawah dan bangun rumah begitu ada tabungan balik ke indonesia skg kja jadi ojol;positif;94.62;positif
silakan;silakan;netral;94.6;netral
@_memoryusang Atau KETUMbar sudah #KaburAjaDulu menyelamatkan nyawanya.;atau ketumbar sudah kaburajadulu menyelamatkan nyawanya;negatif;94.38;negatif
come on #kerjakuliahhidupdiluar;come on kerjakuliahhidupdiluar;netral;94.33;netral
@korewatarinai @shirobunsh61924 @IndoPopBase kita wni gak papa masih di beri kesabaran semangat bang salam satu aspal coba abang cari info aja terkait kerja luar negeri saya juga sedang cari info kesana;kita wni gak papa masih di beri kesabaran semangat bang salam satu asli tetapi palsu coba abang cari informasi saja terkait kerja luar negeri saya juga sedang cari informasi kesana;negatif;94.33;negatif
(. Ijin #kaburajadulu ya kak asep soalnya penulis masih dijalan. Sinyal ga stabil;ijin kaburajadulu iya kak asep soalnya penulis masih dijalan sinyal ga stabil;negatif;94.3;negatif
betull hahah;betull hahah;positif;94.3;positif
smoga bisa ikut #kaburajadulu hahahahhahahahahah;smoga bisa ikut kaburajadulu hahahahhahahahahah;positif;94.24;positif
Kesempatan kerja di luar negeri! Gaji tinggi karier global! https://t.co/nEqZBh1rX6 #MFW #JinxGucci Palestina #GucciLaFamiglia #Lazada;kesempatan kerja di luar negeri gaji tinggi karier global mfw jinxgucci palestina guccilafamiglia lazada;netral;94.21;netral
gampang masuk Malaysia juga gratis yg pntg pas por sama ada pengalaman🤪;gampang masuk malaysia juga gratis yang pntg pas por sama ada pengalaman;positif;94.12;positif
korea selatan adalah tujuan terbaik😁;korea selatan adalah tujuan terbaik;positif;94.11;positif
harus udh ada persiapan kerja di negara yg mau km tuju;harus udh ada persiapan kerja di negara yang mau kamu tuju;netral;93.75;netral
bang kenapa lu gak buka Loker ajj😅;bang kenapa kamu gak buka loker saja;negatif;93.59;negatif
btw guys reminder untuk ga langsung percaya semua yang disebar di sosmed. as u know di real life aja banyak provokatornya sngt ga menutup kemungkinan kl di sosmed pun banyak mereka yg pengen kita panik intinya selalu berkabar berdoa dan jangan lupa maki maki pemerintah ;ngomong-ngomong teman-teman reminder untuk ga langsung percaya semua yang disebar di sosmed as kamu know di real life saja banyak provokatornya sngt ga menutup kemungkinan kalau di sosmed pun banyak mereka yang pengen kita panik intinya selalu berkabar berdoa dan jangan lupa maki maki pemerintah;negatif;93.54;negatif
dikasih sarjana malah pilih...;dikasih sarjana bahkan pilih;negatif;93.49;negatif
"selesai sekolah pindah ke jepang
#kaburajadulu";selesai sekolah pindah ke jepang kaburajadulu;negatif;93.4;negatif
yg nyalahin pemerintah siapa? ada kah gua ngetik nyalahin pemerintah smpe2 lu tanya pertanyaan yg harusny ga perlu ditanya?😹;yang nyalahin pemerintah siapa ada kah saya ngetik nyalahin pemerintah smpe kamu tanya pertanyaan yang harusny ga perlu ditanya;negatif;93.38;negatif
peluang kerja di luar negri gede kata Kaka gw walaupun g punya izasah dan yap gw lulus SMA memutuskan ke sana..😹;peluang kerja di luar negri gede kata kakak saya walaupun g punya izasah dan iya saya lulus sama memutuskan ke sana;positif;93.38;positif
semua bg ku kerjakan padi, kopi, kakao, cabe, sayur,;semua abang ku kerjakan padi kopi kakao cabe sayur;netral;93.14;netral
bikin clip pas di sananya aja 😅;bikin clip pas di sananya saja;netral;93.11;netral
pertanyakan nasionalisme nya tapi Kenapa negara sekaya Indonesia Korupsi kaga habis2,Kerja harus menguasai elemen air,api udara dan bumi,harus bisa terbang dan harus tinggi kaya tower;pertanyakan nasionalisme nya tapi kenapa negara sekaya indonesia korupsi tidak habis kerja harus menguasai elemen air api udara dan bumi harus bisa terbang dan harus tinggi kaya tower;negatif;92.93;negatif
ㅤ dan rak kecil berisi pernak pernik dari berbagai perjalanan konferensi ke berbagai daerah dan luar negeri. Kini kotak-kotak besar menumpuk rapi di ruang tengah. Beberapa sudah ditandai dengan spidol hitam: buku arsip kuliah pakaian kerja koleksi miniatur bangunan. ㅤ;ㅤ dan rak kecil berisi pernak pernik dari berbagai perjalanan konferensi ke berbagai daerah dan luar negeri kini kotak kotak besar menumpuk rapi di ruang tengah beberapa sudah ditandai dengan spidol hitam buku arsip kuliah pakaian kerja koleksi miniatur bangunan ㅤ;netral;92.8;netral
@PRFMnews Payah ga konsisten.... Dari awal semestinya dikaji kaji kaji lagi kaji ulang lagi sebelum membuat keputusan yang sempat bikin rakyat geger. Kalo kayak gini gimana rakyat bisa tetap percaya sama pemerintah... Oh Indonesiaku;payah ga konsisten dari awal semestinya dikaji kaji kaji lagi kaji ulang lagi sebelum membuat keputusan yang sempat bikin rakyat geger kalau kayak gini bagaimana rakyat bisa tetap percaya sama pemerintah oh indonesiaku;negatif;92.79;negatif
nasionalisme yaa nasionalisme tapi kalo urusan menyambung hidup kan udh beda urusan... 😌;nasionalisme yaa nasionalisme tapi kalau urusan menyambung hidup kan udh beda urusan;negatif;92.74;negatif
Kemungkinan banyak benernya 99% apa yang disampaikan pak @dinopattidjalal ini.. Kerja Pencitraan lebih utama dari pada Kerja sungguhannya.. https://t.co/bGG1BNk6bZ;kemungkinan banyak benernya apa yang disampaikan pak ini kerja pencitraan lebih utama dari pada kerja sungguhannya;negatif;92.43;negatif
Prabowo hadir untuk rakyat di dalam negeri sekaligus harumkan nama RI di luar. Pesan ke dunia: Indonesia stabil dihormati dan siap kerja sama untuk kesejahteraan. INDONESIA AMAN DAMAI #PrabowoDiPanggungDunia;prabowo hadir untuk rakyat di dalam negeri sekaligus harumkan nama ri di luar pesan ke dunia indonesia stabil dihormati dan siap kerja sama untuk kesejahteraan indonesia aman damai prabowodipanggungdunia;positif;92.35;positif
dpt 🤭;dapat;positif;92.31;positif
Pada dasarnya kita semua adalah penduduk bumi. Cuma di pisahkan oleh kepentingan politik, jika ada wilayah di sudut bumi yang secara politik menguntungkan kita.;pada dasarnya kita semua adalah penduduk bumi cuma di pisahkan oleh kepentingan politik jika ada wilayah di sudut bumi yang secara politik menguntungkan kita;negatif;92.17;negatif
mending tambang tamat SMK masuk tambang;lebih baik tambang tamat smk masuk tambang;negatif;92.09;negatif
@txtdrpemerintah Ini yg judulnya #kaburajadulu ya pak? Butuh jg bapak ternyata;ini yang judulnya kaburajadulu iya pak butuh juga bapak ternyata;netral;91.98;netral
lulus SMA lngsng aja kluar negri😹;lulus sama lngsng saja kluar negri;negatif;91.85;negatif
"""kalo teman² berpikir"" lah gw bukan temen lu😹";kalau teman² berpikir lah saya bukan teman kamu;negatif;91.74;negatif
kalian duluan aja, inshaallah aku nyusul beberapa tahun lagi bareng kawan kawan ku, yaa meski harus bertahan di sini dulu;kalian duluan saja inshaallah aku nyusul beberapa tahun lagi bareng kawan kawan ku yaa meski harus bertahan di sini dulu;positif;91.68;positif
Top kita bersama bisa peroleh kelebihan dari kerja sama luar negeri! Lapangan kerja meningkat teknologi canggih masuk desa-desa maju. Mari dukung! Perkuat KEMITRAAN GLOBAL;top kita bersama bisa peroleh kelebihan dari kerja sama luar negeri lapangan kerja meningkat teknologi canggih masuk desa desa maju mari dukung perkuat kemitraan global;positif;91.68;positif
negara atau pejabat?;negara atau pejabat;netral;91.54;netral
lebih gede gaji tukang sapu di Amerika wkwk;lebih gede gaji tukang sapu di amerika wkwk;negatif;91.51;negatif
jadi was-was kalo tahun depan mama kebagian haji. aku percaya Allah pasti bakal melindungi tapi aku ga percaya sama pemerintah yg ngurusin haji ;jadi was was kalau tahun depan mama kebagian haji aku percaya allah pasti bakal melindungi tapi aku ga percaya sama pemerintah yang ngurusin haji;negatif;91.24;negatif
desa konoha🗿;desa konoha;netral;91.04;netral
"Japan I'm coming
#kaburajadulu";japan i m coming kaburajadulu;negatif;90.81;negatif
Yang Mulia Anggota DPR memang betul betul menerapkan sesungguhnya apa arti Wakil Rakyat mereka mewakili semua rakyatnya untuk #KaburAjaDulu;yang mulia anggota dpr memang betul betul menerapkan sesungguhnya apa arti wakil rakyat mereka mewakili semua rakyatnya untuk kaburajadulu;positif;90.76;positif
@RyuDeka Wakil rakyat Mewakili rakyat yang mau #kaburajadulu ;wakil rakyat mewakili rakyat yang mau kaburajadulu;negatif;90.73;negatif
Pemerintah didorong berikan kemudahan akses masyarakat dalam jangkau lapangan kerja di luar negeri sebagai salah satu solusi kondisi membludaknya pencari kerja di Tanah Air. Namun menurut CEO Indonesia Business Council Sofyan Djalil pekerja migran Indonesia terbilang relatif;pemerintah didorong berikan kemudahan akses masyarakat dalam jangkau lapangan kerja di luar negeri sebagai salah satu solusi kondisi membludaknya pencari kerja di tanah air namun menurut ceo indonesia business council sofyan djalil pekerja migran indonesia terbilang relatif;netral;90.69;netral
ayo semangat;ayo semangat;positif;90.66;positif
"8/8 Medsos jadi wadah utama keresahan. Platform seperti X &amp; TikTok jadi saluran keluhan. Contohnya tagar #KaburAjaDulu yang viral jadi simbol frustrasi terhadap kondisi kerja &amp; biaya hidup di dalam negeri. #KeresahanPekerja";medsos jadi wadah utama keresahan platform seperti x amp tiktok jadi saluran keluhan contohnya tagar kaburajadulu yang viral jadi simbol frustrasi terhadap kondisi kerja amp biaya hidup di dalam negeri keresahanpekerja;negatif;90.65;negatif
kaka ikutt fliss;kakak ikutt fliss;positif;90.59;positif
@Adinaaaauhuy @pecintaikannih @mwkerr1916 Sabar ya ka. Dia penyepong pemerintah Dia ga percaya kalo ada yg rame2 tapi ga dibayar. Kek siapaa gitu yg ngatain byk yg demo tapi dibayar ;sabar iya kakak dia penyepong pemerintah dia ga percaya kalau ada yang ramai tapi ga dibayar seperti siapaa gitu yang ngatain banyak yang demo tapi dibayar;negatif;90.57;negatif
alhamdulillah semenjak di Amerika hidup gw berubah drastis;alhamdulillah semenjak di amerika hidup saya berubah drastis;positif;90.55;positif
@tanyarlfes #KaburAjaDulu Nder di luar negeri semua fair and square;kaburajadulu nder di luar negeri semua fair and square;positif;90.3;positif
yg bilang anak mas siapa bro?;yang bilang anak mas siapa saudara laki-laki;negatif;90.28;negatif
eta mh lain ngajak pindah, ngajak gawe 😭😭;eta mh lain ngajak pindah ngajak kerja;negatif;90.17;negatif
Bukan masalah percaya ga percaya tapi pajak itu berlandaskan hukum dari kemaren desember yang ada cuma omongan2 doang gaada landasan hukumnya. DJP sendiri ngeluarin keterangan tertulis djp yg bilang ppn 12% jangan tutup mata sama kelabilan pemerintah ;bukan masalah percaya ga percaya tapi pajak itu berlandaskan hukum dari kemarin desember yang ada cuma omongan doang tidak ada uang landasan hukumnya djp sendiri ngeluarin keterangan tertulis djp yang bilang ppn jangan tutup mata sama kelabilan pemerintah;negatif;90.14;negatif
Mau nambahin walau bukan kasusku sendiri karena belum mampu juga berobat ke luar negeri. Tmen kerja ada yg sering migrain parah priksa di RS ternama di Malang CT scan bahkan MRI diagnosa dr mengarah ke gangguan saraf mengarah ke epilepsi padahal gk pernah kejang -;mau nambahin walau bukan kasusku sendiri karena belum mampu juga berobat ke luar negeri tmen kerja ada yang sering migrain parah periksa di rs ternama di malang ct scan bahkan mri diagnosa dr mengarah ke gangguan saraf mengarah ke epilepsi padahal gk pernah kejang;negatif;89.87;negatif
@RekamDigital_ ini semua gara gara fomo trend #KaburAjaDulu yang akhirnya sdm rendah juga ikut melakukan hal tersebut dampak nya sangat signifikan di negara orang lain yang punya culture berbeda dengan Indonesia;ini semua gara gara fomo trend kaburajadulu yang akhirnya sdm rendah juga ikut melakukan hal tersebut dampak nya sangat signifikan di negara orang lain yang punya culture berbeda dengan indonesia;negatif;89.74;negatif
iya pak bener nasionalisme tapi kita butuh uang untuk makan 🙏;iya pak benar nasionalisme tapi kita butuh uang untuk makan;netral;89.55;netral
Tarif #kaburajadulu dari agen migran legal: Turki 30 disalurin ke pabrik atau hospitality Poland Slovakia 50-60 disalurin ke pabrik Malay Singapore gratis tapi gak ada jenjang karirnya (jadi nanny);tarif kaburajadulu dari agen migran legal turki disalurin ke pabrik atau hospitality poland slovakia disalurin ke pabrik malay singapore gratis tapi gak ada jenjang karirnya jadi nanny;negatif;89.53;negatif
kan ceritanya aku sekolah full di biayain sama seseorang termasuk uang tur udh dibayar tapi tur nya ga jadi karna ga bolehin sama pemerintah kan. jadinya itu uang balik ke aku sekitar 1 4jt an. Senin Indonesian Gelap #KaburAjaDulu Yuki Kato;kan ceritanya aku sekolah full di biayain sama seseorang termasuk uang tur udh dibayar tapi tur nya ga jadi karena ga bolehin sama pemerintah kan jadinya itu uang balik ke aku sekitar jt an senin indonesian gelap kaburajadulu yuki kato;negatif;89.49;negatif
@ridwanhr #KaburAjaDulu sudah diberi contoh oleh wowo sendiri pada tahun 98 ;kaburajadulu sudah diberi contoh oleh wowo sendiri pada tahun;netral;89.49;netral
We're Finished;we reply finished;netral;89.33;netral
HARUS ADA ORANG DALAM;harus ada orang dalam;netral;88.75;netral
berdoa lah cari solusi;berdoa lah cari solusi;positif;88.68;positif
pokoknyaa gue mauu secepatnya juga bikin trend inii 😩😩😩;pokoknyaa saya mauu secepatnya juga bikin trend inii;positif;88.5;positif
Kadang kita-kita terlupa luar biasanya kerja sama itu adalah warisan luhur kita. Mari implementasikan dalam rutinitas harian untuk lestarikan bangsa dan realisasikan kebahagiaan universal. Bersatu Jaga Negeri https://t.co/aGagRv0E0N;kadang kita kita terlupa luar biasanya kerja sama itu adalah warisan luhur kita mari implementasikan dalam rutinitas harian untuk lestarikan bangsa dan realisasikan kebahagiaan universal bersatu jaga negeri;positif;88.02;positif
oh udah di palestina ya;oh sudah di palestina iya;netral;87.92;netral
@annodetoyou mutasi luar negeri #kaburajadulu;mutasi luar negeri kaburajadulu;negatif;87.7;negatif
yang di publish mah happy nya ajaa emang ada yang tauu pas keluargaku kepuruk gimnaa yang masku tbtb harusss #kaburajadulu hahahaha demiii semuanya stabil?;yang di publish mah bahagia nya ajaa emang ada yang tauu pas keluargaku kepuruk gimnaa yang masku tbtb harusss kaburajadulu hahahaha demiii semuanya stabil;positif;87.46;positif
dapet lapernya bang;dapat lapernya bang;positif;87.13;positif
Buka lowongan baby sitter ga? @.nnutdan @.hongshihoshi03 Mau #kaburajadulu;buka lowongan baby sitter ga nnutdan hongshihoshi mau kaburajadulu;negatif;86.75;negatif
doain yaa kak bisa Australia atau ga Korea 🥺;doain yaa kak bisa australia atau ga korea;netral;86.75;netral
@Timothy Ronald Senggol tim🗿;ronald senggol tim;netral;86.08;netral
di Amerika nyari kerja rata rata minimal S1, kalo smk... gatau deh;di amerika mencari kerja rata rata minimal s kalau smk gatau deh;negatif;85.56;negatif
nnti jdi admin slot;nnti jadi admin slot;netral;85.45;netral
doain gw bisa kerja di US ya😁;doain saya bisa kerja di us iya;positif;85.37;positif
Temen gue udh jadi model internasional curiga tahun depan gue juga kerja di luar negeri;teman saya udh jadi model internasional curiga tahun depan saya juga kerja di luar negeri;negatif;85.31;negatif
yang mau pindah silakan, kita mah tetep cinta Indonesia, hidup nggak selalu mulus, tapi ini rumah kita;yang mau pindah silakan kita mah tetep cinta indonesia hidup tidak selalu mulus tapi ini rumah kita;positif;85.27;positif
Halo Sobat Pers! Clash of Champions (COC) Season 2 telah tayang sejak 29 Juni 2025 lalu Kompetisi edukatif dari Ruangguru ini menghadirkan 80 mahasiswa dari universitas top dalam dan luar negeri untuk beradu logika strategi daya ingat dan kerja sama tim. https://t.co/FLrRtNhnJz;halo sobat pers clash of champions coc season telah tayang sejak juni lalu kompetisi edukatif dari ruangguru ini menghadirkan mahasiswa dari universitas top dalam dan luar negeri untuk beradu logika strategi daya ingat dan kerja sama tim;netral;84.85;netral
langsung di ulti 😂;langsung di ulti;netral;84.78;netral
"mau kabur tapi blom punya modal
#stayajadulu🗿";mau kabur tapi blom punya modal stayajadulu;negatif;84.44;negatif
Puncak karirku: kerja jadi ASN yg yaudah gitu gitu aja tiba-tiba out of nowhere ketemu jodoh yg kerjanya udah mapan bgt di luar negeri (prefer Japan tp di Thailand/KL jg gpp deh) ikut pindah ke luar negeri;puncak karirku kerja jadi asn yang ya sudah gitu gitu saja tiba tiba out of nowhere ketemu jodoh yang kerjanya sudah mapan banget di luar negeri prefer japan tapi di thailand kalau juga tidak apa-apa deh ikut pindah ke luar negeri;negatif;84.24;negatif
Admin: Apa alasan mencairkan JHT mas? Aku: (ga percaya uangku disimpen pemerintah mbak) Aku: Lagi butuh mbak ;admin apa alasan mencairkan jht mas aku ga percaya uangku disimpen pemerintah mbak aku lagi butuh mbak;negatif;84.07;negatif
gw udah kabur dari 2019, sekarang udah pulang dan ada rencana kabur lagi 😭 padal baru sebulan dirumah 🗿.;saya sudah kabur dari sekarang sudah pulang dan ada rencana kabur lagi padal baru sebulan dirumah;negatif;83.76;negatif
yg pada pindah tu malah yg punya skill bagus dan pinter pinter yg skillnya banyak di cari orang luar 🗿;yang pada pindah tu bahkan yang punya skill bagus dan pinter pinter yang skillnya banyak di cari orang luar;negatif;83.7;negatif
ikut ausbildung ya berarti?;ikut ausbildung iya berarti;netral;83.69;netral
hhhh nggeh mbak;hhhh nggeh mbak;negatif;83.11;negatif
Ayo ka😂;ayo kakak;netral;82.91;netral
wkwkwk bismillah swiss 😭😭;wkwkwk bismillah swiss;netral;82.9;netral
yang kek nya Indonesia berubah jadi singapore;yang seperti nya indonesia berubah jadi singapore;negatif;82.86;negatif
@tanyakanrl ‍⬛: kata gua teh #KaburAjaDulu;kata saya kakak perempuan kaburajadulu;negatif;82.82;negatif
@tekarok007 Counter narasi gampang tp kok makin banyak yg ga percaya mentah² ama pemerintah? Malah jd inspirasi di beberapa negara kayak Nepal Thailand Korea bahkan yg terbaru Australia bahwa melawan pemerintah korup itu wajib Bangun faktanya dah seterang itu;counter narasi gampang tapi kok makin banyak yang ga percaya mentah² sama pemerintah bahkan jadi inspirasi di beberapa negara kayak nepal thailand korea bahkan yang terbaru australia bahwa melawan pemerintah korupsi itu wajib bangun faktanya deh seterang itu;negatif;82.7;negatif
saya dari dulu cinta Indomie;saya dari dulu cinta indomie;positif;82.48;positif
Mimpi org2 pd kerja dan pindah luar pulau n negeri dan cm aku sendirian di sini;mimpi org pada kerja dan pindah luar pulau dan negeri dan cm aku sendirian di sini;negatif;81.49;negatif
@boy_yenn #kaburajadulu ya ka konsepnya;kaburajadulu iya kakak konsepnya;negatif;80.76;negatif
cari gas dimana kesusahan bang ? disini gak ada masalah sama gas, tiba tiba jadi ke gas, seberapa yakin lu kalo ganjar jadi presiden, persyaratan pekerjaan gak serumit sekarang ?;cari gas dimana kesusahan bang disini gak ada masalah sama gas tiba tiba jadi ke gas seberapa yakin kamu kalau ganjar jadi presiden persyaratan pekerjaan gak serumit sekarang;negatif;79.85;negatif
sebenernya cinta bgt sma negeri ini tapi kita gabisa makan nasionalisme aja😭;sebenernya cinta banget sama negeri ini tapi kita gabisa makan nasionalisme saja;negatif;79.73;negatif
ya gmna baru pertama kerja dah di tanya pengalaman an kerja ni gmna😭;iya gmna baru pertama kerja deh di tanya pengalaman an kerja ini gmna;negatif;79.62;negatif
@gottaluvadll mending #KaburAjaDulu gakseh lihat rate S2 di beberapa bidang juga gak terlalu jauh bgt gap nya;lebih baik kaburajadulu gakseh lihat rate s di beberapa bidang juga gak terlalu jauh banget gap nya;positif;79.5;positif
setuju ganti presiden;setuju ganti presiden;positif;79.25;positif
" Mau kerja ke luar negeri tapi takut ilegal &amp; ribet? Disnaker Kota Tangerang buka sosialisasi informasi lowongan kerja untuk jalur resmi &amp; aman buat kamu yang mau jadi PMI! Materi lengkap Daftar sekarang ! BEM UI? #update #news #seketika https://t.co/6e9hW0PX0a";mau kerja ke luar negeri tapi takut ilegal amp ribet disnaker kota tangerang buka sosialisasi informasi lowongan kerja untuk jalur resmi amp aman buat kamu yang mau jadi pmi materi lengkap daftar sekarang bem ui update news seketika;netral;79.22;netral
lgi mikirin mau belajar bahasa inggris atau korea atau jepang dlu;lagi mikirin mau belajar bahasa inggris atau korea atau jepang dulu;netral;78.79;netral
kelllaaas;kelllaaas;negatif;78.4;negatif
Kalo mau buat trend ini harus banyak duitttt 😭;kalau mau buat trend ini harus banyak duitttt;negatif;78.08;negatif
@worksfess keren banget kak! #kaburajadulu gasih? ini daftarnya via apa kak?;keren banget kak kaburajadulu gasih ini daftarnya via apa kak;netral;78.04;netral
@Boediantar4 Ke israel aja gus tenaga dan pemikiran anda dibutuhkan oleh netanyahu. #KaburAjaDulu;ke israel saja gus tenaga dan pemikiran anda dibutuhkan oleh netanyahu kaburajadulu;negatif;77.82;negatif
bner gw aja ini mau pergi ke jepang buat liat makam jiraya;bner saya saja ini mau pergi ke jepang buat lihat makam jiraya;negatif;77.59;negatif
Heyyy heyyy satt😂;heyyy heyyy satt;negatif;77.28;negatif
aku juga smk, dan belajar b.jepang;aku juga smk dan belajar b jepang;netral;76.21;netral
Bismillah 2026 kerja ngerantau ke Jepang kalau nggak Jepang pokok luar negeri ‍️‍️️;bismillah kerja ngerantau ke jepang kalau tidak jepang pokok luar negeri;netral;76.11;netral
betul ituu bangg sangat bener dan fakta😅;betul ituu bangg sangat benar dan fakta;positif;75.62;positif
"""walaupun banyak negeri ku jalani, yang Mansyur permai dikata orang...tetapi kampung, dan rumahku-""";walaupun banyak negeri ku jalani yang mansyur permai dikata orang tetapi kampung dan rumahku;positif;75.42;positif
@KazmClip Iyhhhh semoga cepat deh aku bisa #kaburajadulu;iyhhhh semoga cepat deh aku bisa kaburajadulu;positif;74.84;positif
Belajar Inggris tuh bukan cuma soal grammar It s about confidence berani ngomong tanpa mikir salah dulu Pengen kerja di luar negeri? Global doors open when you dare to speak up Mau mulai? Chat kita aja +62 813 3038 8884 #LEARNATIVE | #NewcastleIndonesia https://t.co/fsu02BHHHD;belajar inggris tuh bukan cuma soal grammar it s about confidence berani bicara tanpa mikir salah dulu pengen kerja di luar negeri global doors open when you dare to speak up mau mulai chat kita saja learnative newcastleindonesia;netral;74.76;netral
sangat terbukti kata2 gw kalo dpr mencerminkan sebagian besar rakyat Indonesia. Senin Indonesian Gelap #KaburAjaDulu Yuki Kato;sangat terbukti kata saya kalau dpr mencerminkan sebagian besar rakyat indonesia senin indonesian gelap kaburajadulu yuki kato;positif;73.79;positif
@NStyaningrum Bener banget masa gitu aja pemerintah ga percaya sama peneliti. Padahal kan penelitian tuh penting banget buat kemajuan negara.;benar banget masa gitu saja pemerintah ga percaya sama peneliti padahal kan penelitian tuh penting banget buat kemajuan negara;negatif;73.39;negatif
#KaburAjaDulu ke Singapore misalnya https://t.co/DEEdtcQjYY;kaburajadulu ke singapore misalnya;negatif;73.15;negatif
doainnn biar bisa kabur jg🙏🏻;doainnn biar bisa kabur juga;negatif;72.6;negatif
Siapa mau mutualan sama sender sender anak bahasa Jepang jadi jarang punya temen yg belajar bahasa Inggris. Cita-cita sender adalah bisa kerja di luar negeri. Ketik angka 1 kalau mau mutualan sama sender (en);siapa mau mutualan sama sender sender anak bahasa jepang jadi jarang punya teman yang belajar bahasa inggris cita cita sender adalah bisa kerja di luar negeri ketik angka kalau mau mutualan sama sender en;negatif;72.37;negatif
Yang mau upgrade bahasa Jerman sebelum akhir tahun ayok merapaattt #bahasajerman #lesonline #kaburajadulu #zonauang #zonajajan #kursus #jerman https://t.co/FMzt22vstT;yang mau upgrade bahasa jerman sebelum akhir tahun ayo merapaattt bahasajerman lesonline kaburajadulu zonauang zonajajan kursus jerman;netral;71.03;netral
Bukti kamu bisa Govlock/Skill Issue tapi gaji 3 digit di LN Gass #KaburAjaDulu;bukti kamu bisa govlock skill issue tapi gaji digit di ln gass kaburajadulu;netral;70.76;netral
Wawancara Vinicius setelah laga Levante VS Real Madrid: Pengembangan diri? Vinicius: Saya berharap bisa terus mencetak gol seperti ini. Saya rasa ini pertama kalinya saya mencetak gol di luar negeri. Kunci Tim? Vinicius: Pertahanan persatuan dan kerja sama tim adalah https://t.co/RdP0IlC5xK;wawancara vinicius setelah laga levante vs real madrid pengembangan diri vinicius saya berharap bisa terus mencetak gol seperti ini saya rasa ini pertama kalinya saya mencetak gol di luar negeri kunci tim vinicius pertahanan persatuan dan kerja sama tim adalah;positif;70.43;positif
